2.655274093612518534e+07;-1.262846480061308295e+07;-3.031329094949545860e+08
2.831659566548335925e+07;-8.460972168061757460e+06;-3.044484355526930094e+08
2.989185800575240701e+07;-4.392046194045296870e+06;-3.065303991401305199e+08
3.127898985283337533e+07;-4.111708778766033938e+05;-3.094007132285888791e+08
3.247636859222150967e+07;3.491182663837004453e+06;-3.130897464893798828e+08
3.348019412255984545e+07;7.323607966278525069e+06;-3.176368631328508854e+08
3.428439492932394892e+07;1.109376871669585258e+07;-3.230914990993101597e+08
3.488047251486873627e+07;1.480831196612833068e+07;-3.295139434003270864e+08
3.525748593625572324e+07;1.847261320995045826e+07;-3.369770144053395391e+08
3.540236914362931252e+07;2.208999897214981914e+07;-3.455675496600121260e+08
3.530205302747026086e+07;2.565904102972801775e+07;-3.553884932703692317e+08
3.495691481469604373e+07;2.915935014919349551e+07;-3.665614725586749315e+08
3.456842549317409098e+07;3.236290074529187009e+07;-3.792296679931783080e+08
3.281145686988510936e+07;3.656044877558247745e+07;-3.935615404793112874e+08
3.149966613558562472e+07;3.989448979174759984e+07;-4.097551874636169076e+08
2.965269864436227828e+07;4.328984574307578802e+07;-4.280430053187265396e+08
2.728161319928400964e+07;4.666555590353994817e+07;-4.486979246016303897e+08
2.327715048107590526e+07;4.785136004128514230e+07;-4.517680074651824832e+08
1.879784512867566571e+07;4.841524650966823101e+07;-4.530256478527181149e+08
1.398554504030304402e+07;4.858346318687456846e+07;-4.547011219209183455e+08
8.845307959921324626e+06;4.835033995010417700e+07;-4.567900751807614565e+08
3.381950425355776213e+06;4.771000181917616725e+07;-4.592861511390950084e+08
-2.379068338856463321e+06;4.625954265632192045e+07;-4.582509753038858175e+08
-7.984921730537362397e+06;4.247833769161675870e+07;-4.376041057962185740e+08
-1.331071975651632808e+07;3.868475008230163902e+07;-4.192865930213376284e+08
-1.837710383989922702e+07;3.485592816355894506e+07;-4.027293184861040115e+08
-2.318717171075263992e+07;3.097933591856842488e+07;-3.874629482221140862e+08
-2.778738361201469228e+07;2.710910189940441400e+07;-3.738763632402999997e+08
-3.220184012571265548e+07;2.324298974694281816e+07;-3.617910374291958213e+08
-3.645183582506011426e+07;1.937793307660614327e+07;-3.510552080899596810e+08
-4.055629133493804187e+07;1.551019955094855465e+07;-3.415395944248386621e+08
-4.449514597676820308e+07;1.162585132179522328e+07;-3.328573623424813747e+08
-4.821813770130281150e+07;7.720884893383254297e+06;-3.245569630130691528e+08
-5.130588542347496003e+07;3.783123710624150466e+06;-3.140784068006933928e+08
-5.423396769945762306e+07;-7.741025442816878785e+04;-3.047203876708792448e+08
-5.701846504116562754e+07;-3.869679067980207503e+06;-2.963781376070650816e+08
-5.967357709669784456e+07;-7.602200254856696352e+06;-2.889617365414952636e+08
-6.221192015956099331e+07;-1.128310563355114870e+07;-2.823941191121340394e+08
-6.464469949525630474e+07;-1.492018923684578575e+07;-2.766090538704742789e+08
-6.698192995272871107e+07;-1.852096121901405975e+07;-2.715498652967433929e+08
-6.923259584951394796e+07;-2.209269873294825107e+07;-2.671682319165955484e+08
-7.140480583559836447e+07;-2.564250316294127330e+07;-2.634232754246788621e+08
-7.350585498434738815e+07;-2.917733067260046676e+07;-2.602805440694647133e+08
-7.554240560165120661e+07;-3.270406816406514123e+07;-2.577116586250526011e+08
-7.752047414306184649e+07;-3.622954262939899415e+07;-2.556934236113393307e+08
-7.944561185385502875e+07;-3.976061212407729030e+07;-2.542077783605395555e+08
-8.132289574694341421e+07;-4.330418242659648508e+07;-2.532412087179615200e+08
-8.315700279188038409e+07;-4.686725992145463079e+07;-2.527845727809100747e+08
-8.495228383506053686e+07;-5.045701304490429908e+07;-2.528330073190718293e+08
-8.671279410975952446e+07;-5.408081103501488268e+07;-2.533857818202514946e+08
-8.844237236421234906e+07;-5.774629359215418249e+07;-2.544463803768148422e+08
-9.014460487318742275e+07;-6.146136186963275075e+07;-2.560223114776072204e+08
-9.182303125253012776e+07;-6.523431514369991422e+07;-2.581256651802691817e+08
-9.348107187426088750e+07;-6.907377624434405565e+07;-2.607728912852693498e+08
-9.512227003357128799e+07;-7.298876790580664575e+07;-2.639854505933700204e+08
-9.675038822588713467e+07;-7.698854841058567166e+07;-2.677899059517358840e+08
-9.836990650755563378e+07;-8.108241967961315811e+07;-2.722187046819630861e+08
-9.998685641933360696e+07;-8.527898215321047604e+07;-2.773107146321750879e+08
-1.016109284105205834e+08;-8.958407659474729002e+07;-2.831118337886072397e+08
-1.032620394935052395e+08;-9.399463140658131242e+07;-2.896762868931646347e+08
-1.049944349384060949e+08;-9.847455110795614123e+07;-2.970674574664889574e+08
-1.070171596404882371e+08;-1.028346360520209223e+08;-3.053595315464257002e+08
-1.063131455113450289e+08;-1.101137181232150346e+08;-3.146391356945036054e+08
-1.085370781201881468e+08;-1.146812586920732558e+08;-3.250076583921179771e+08
-1.103102318124737740e+08;-1.199426984468116313e+08;-3.365835510889607668e+08
-1.119584299032934904e+08;-1.256022011760775149e+08;-3.495058947945486903e+08
-1.135594439170289338e+08;-1.316157825106201321e+08;-3.639383430321986675e+08
-1.151372323709518164e+08;-1.379976847333441675e+08;-3.800740163012834191e+08
-1.167005051993343234e+08;-1.447828373429804146e+08;-3.981420553781005740e+08
-1.182519882431812733e+08;-1.520186731357389688e+08;-4.184156598624412417e+08
-1.197910328198301941e+08;-1.597635936330549419e+08;-4.412219266102700830e+08
-1.189838685598047376e+08;-1.648587575683553517e+08;-4.579844539267857075e+08
-1.100459342096625119e+08;-1.586633765803895891e+08;-4.445096228732967973e+08
-1.014492865321442634e+08;-1.524972485841736197e+08;-4.319734459069359303e+08
-9.323864076075632870e+07;-1.464530376177375019e+08;-4.205633336577651501e+08
-8.525220928513331711e+07;-1.402990115192085505e+08;-4.095438062023890018e+08
-7.760898171003803611e+07;-1.342398973017321527e+08;-3.994362946311030984e+08
-7.021780496898961067e+07;-1.281386419991860688e+08;-3.897735015041818023e+08
-6.310930606812937558e+07;-1.220589108471572250e+08;-3.806795566719892621e+08
-5.629740666276439279e+07;-1.160431871026705950e+08;-3.722308485368552804e+08
-4.979453115514923632e+07;-1.101400023954350650e+08;-3.645417400705595016e+08
-4.353565320303653181e+07;-1.042258782153746188e+08;-3.571628903504379392e+08
-3.759946332563038915e+07;-9.850574916903196275e+07;-3.507554096652510762e+08
-3.195772969013924152e+07;-9.295859906514900923e+07;-3.452601325097393394e+08
-2.653164648362867162e+07;-8.738795298062083125e+07;-3.399383617264508009e+08
-2.136305506154939532e+07;-8.193409216812886298e+07;-3.352888236747578979e+08
-1.644705422495699674e+07;-7.662883243890571594e+07;-3.314579215442458987e+08
-1.176400449717132375e+07;-7.145491519783401489e+07;-3.284124854680116773e+08
-7.280606986682070419e+06;-6.625060163961460441e+07;-3.254109818233966231e+08
-3.016001385847085621e+06;-6.115932185077407211e+07;-3.231089800712863207e+08
1.042636591841411660e+06;-5.617929092714704573e+07;-3.215506943831050396e+08
4.899907265288802795e+06;-5.120751800537224114e+07;-3.201705951451765895e+08
8.446954241981085390e+06;-4.570874543980597705e+07;-3.151950402807098627e+08
1.172177138905179314e+07;-4.044640787127961963e+07;-3.110983127920148373e+08
1.474405422468903847e+07;-3.539579120577300340e+07;-3.078358869518945217e+08
1.753033520263136923e+07;-3.053498361131859198e+07;-3.053732310312590003e+08
2.009432863256968185e+07;-2.584445610964376107e+07;-3.036848023651459813e+08
2.244720435533056408e+07;-2.130673410562580824e+07;-3.027534468851008415e+08
2.459779480352709070e+07;-1.690612096218335256e+07;-3.025699817819160819e+08
2.655274093612518534e+07;-1.262846480061308295e+07;-3.031329094949545860e+08
5.824740125944630057e+07;9.556539828451093286e+06;-1.863052316839605272e+08
6.067702723071156442e+07;1.490228129566735961e+07;-1.872662677147302926e+08
6.298252102955996245e+07;2.021837487601168826e+07;-1.888334715516704023e+08
6.517150609173384309e+07;2.553047441042253748e+07;-1.910316936481932700e+08
6.725003611770229042e+07;3.086461315151786059e+07;-1.938955413880976140e+08
6.922266035686972737e+07;3.624768990240536630e+07;-1.974705014294487238e+08
7.109257896339042485e+07;4.170799038295725733e+07;-2.018147428763281107e+08
7.286171617581774294e+07;4.727556332036347687e+07;-2.070009965058066845e+08
7.453128671301923692e+07;5.298241406386967003e+07;-2.131196182057914436e+08
7.610335015520778298e+07;5.886156156507293880e+07;-2.202821538347972035e+08
7.758712644570186734e+07;6.494148954542781413e+07;-2.286261803892493248e+08
7.903355202781216800e+07;7.121246627766847610e+07;-2.383216821048530042e+08
8.090906981051580608e+07;7.725365891835357249e+07;-2.495793111508412361e+08
8.026638675993654132e+07;8.606354123932103813e+07;-2.626616288752892613e+08
8.136273009022785723e+07;9.344279515908905864e+07;-2.778979137697877884e+08
8.202409365390349925e+07;1.016309489453101158e+08;-2.957036581286046505e+08
8.235042243832209706e+07;1.106021627654327899e+08;-3.166075073587252498e+08
8.229366457880051434e+07;1.204865643371303529e+08;-3.412862246042243242e+08
7.542252447550138831e+07;1.212927029904311746e+08;-3.419148686241455078e+08
6.482053271696646512e+07;1.156880899765644073e+08;-3.263946742294168472e+08
5.483582689472443610e+07;1.101753258109064400e+08;-3.128852996394382715e+08
4.538734721440017968e+07;1.047598819455524087e+08;-3.011973403637544513e+08
3.632294871691152453e+07;9.923629841734839976e+07;-2.905726183639676571e+08
2.765809574324949086e+07;9.375302160058443248e+07;-2.812990644455193877e+08
1.928017984282169864e+07;8.804271240347225964e+07;-2.724486191696440578e+08
1.118611492790329643e+07;8.197804337601956725e+07;-2.634468761928610206e+08
3.438508514942204580e+06;7.556697452514755726e+07;-2.540826185202706158e+08
-3.900372758436990436e+06;6.921336192012567818e+07;-2.454977450062059462e+08
-1.085520684799617529e+07;6.293978497470042855e+07;-2.376790211202491820e+08
-1.738627032189056650e+07;5.653769325601057708e+07;-2.297051457903391123e+08
-2.356607976245465875e+07;5.033053963817107677e+07;-2.227169298757697642e+08
-2.944652463762518018e+07;4.429911063780288398e+07;-2.166611192271556258e+08
-3.507035376605926454e+07;3.841258493685972691e+07;-2.114463497550266683e+08
-4.035617815194125473e+07;3.254707885447192192e+07;-2.063892318896073103e+08
-4.542364763016019017e+07;2.680492601897859573e+07;-2.020496260429692864e+08
-5.030839346719336510e+07;2.116414876268364117e+07;-1.983913764523989856e+08
-5.503827880439221114e+07;1.560011079508974776e+07;-1.953637410582285523e+08
-5.948993265149856359e+07;1.006460054370074905e+07;-1.924455053867558837e+08
-6.379964342683450133e+07;4.587095665165405720e+06;-1.900560873126191497e+08
-6.702914499561826885e+07;-8.385740115267975489e+05;-1.855175409413161278e+08
-7.007247512818050385e+07;-6.092405649031161331e+06;-1.815855698395340443e+08
-7.297700446181620657e+07;-1.120287669324411638e+07;-1.782757828499126136e+08
-7.576181376103509963e+07;-1.619709015715756081e+07;-1.755392173009901047e+08
-7.844370305007998645e+07;-2.109964862930998579e+07;-1.733364769726132154e+08
-8.103754193803529441e+07;-2.593320845930968598e+07;-1.716362209596840739e+08
-8.355678292367346585e+07;-3.071900751409065351e+07;-1.704145113736235499e+08
-8.601355999731265008e+07;-3.547722588871746510e+07;-1.696536366899869442e+08
-8.841915494885121286e+07;-4.022743407671809196e+07;-1.693420260363729596e+08
-9.078407649171122909e+07;-4.498888973809968680e+07;-1.694736018436014056e+08
-9.311832167925010622e+07;-4.978089150168734789e+07;-1.700477222681552470e+08
-9.543159182732902467e+07;-5.462312262677800655e+07;-1.710691969021546841e+08
-9.773337200654490292e+07;-5.953592399052894861e+07;-1.725482210839851499e+08
-1.000333057087760121e+08;-6.454074097348769009e+07;-1.745009819334772825e+08
-1.023412335665603727e+08;-6.966038065525768697e+07;-1.769497920632184148e+08
-1.046676339282118678e+08;-7.491949305928018689e+07;-1.799240423645763099e+08
-1.070238509364655465e+08;-8.034483616417030990e+07;-1.834608273514491022e+08
-1.094228598370513618e+08;-8.596566231411105394e+07;-1.876064056450013220e+08
-1.118803598507034332e+08;-9.181362677507960796e+07;-1.924176722417903244e+08
-1.144172481727294773e+08;-9.792148096126739681e+07;-1.979640382478952706e+08
-1.170670207080467194e+08;-1.043176655869507641e+08;-2.043303819369936585e+08
-1.199029683774357140e+08;-1.110009546126889437e+08;-2.116202405754040480e+08
-1.231917254467512220e+08;-1.177897915617429912e+08;-2.199604876618674099e+08
-1.235332935080213845e+08;-1.281859331202226579e+08;-2.295074496444647014e+08
-1.274621779517727494e+08;-1.357780477384868264e+08;-2.404549812068762481e+08
-1.309789908203647435e+08;-1.447166258364522159e+08;-2.530455796862917840e+08
-1.345891038885803521e+08;-1.546844580189943016e+08;-2.675859070131570101e+08
-1.384373556312015951e+08;-1.657744645374896824e+08;-2.844684295793415308e+08
-1.426172257589464188e+08;-1.781988469504276216e+08;-3.042028521032578349e+08
-1.350947594521393776e+08;-1.764197373599845171e+08;-3.004808522870652676e+08
-1.265274201438539773e+08;-1.730224060714834034e+08;-2.948949506913257837e+08
-1.159195038565423191e+08;-1.663740262792869806e+08;-2.846060765243915319e+08
-1.059445133318032473e+08;-1.600417378540692031e+08;-2.756143456740553975e+08
-9.652204332268434763e+07;-1.539874153460938334e+08;-2.677958804032730162e+08
-8.741683642773297429e+07;-1.478994006592236459e+08;-2.605592776797048450e+08
-7.875649955096389353e+07;-1.420365147524717748e+08;-2.543153244158903360e+08
-7.048260103911875188e+07;-1.363688034819961786e+08;-2.489888940299570560e+08
-6.254093475200432539e+07;-1.308652968319829702e+08;-2.445129440297635198e+08
-5.482749666538545489e+07;-1.253708606852258593e+08;-2.405907085381746590e+08
-4.726718871634257585e+07;-1.197394001253832430e+08;-2.369211009087596834e+08
-3.986850818101055175e+07;-1.139881520805531591e+08;-2.335041693204377294e+08
-3.250250248909490183e+07;-1.076823121192736924e+08;-2.293804457213120759e+08
-2.528530156124543399e+07;-1.009991962324140817e+08;-2.247843338561515808e+08
-1.834740955466939881e+07;-9.432143746429546177e+07;-2.204626234149913788e+08
-1.167331958755858801e+07;-8.753920543584810197e+07;-2.161048237849044800e+08
-5.307454307444131002e+06;-8.095789525813210011e+07;-2.124173320336163938e+08
7.851656811213960173e+05;-7.446357028992246091e+07;-2.091275909170892835e+08
6.611545394892780110e+06;-6.799324996027219296e+07;-2.060448029818204939e+08
1.219354614885461517e+07;-6.168223855722569674e+07;-2.035727207272307575e+08
1.754131776046703383e+07;-5.544131288580648601e+07;-2.014670202711699605e+08
2.264636565422272682e+07;-4.922427603600221872e+07;-1.995566099981709719e+08
2.755806299764046818e+07;-4.312201122171957046e+07;-1.982157643056296706e+08
3.226931909500218183e+07;-3.707301596471456438e+07;-1.972474866328544915e+08
3.671826458298759162e+07;-3.100934050047281012e+07;-1.962734414652437568e+08
4.039942810093324631e+07;-2.465889841154937446e+07;-1.929644980225588083e+08
4.384253014409696311e+07;-1.855237812773111090e+07;-1.903291879207144678e+08
4.707272255711132288e+07;-1.265099783761124685e+07;-1.883307484138186276e+08
5.011137960703641176e+07;-6.919961085113983601e+06;-1.869423983529635370e+08
5.297674819600021094e+07;-1.327600303994046291e+06;-1.861466578198925853e+08
5.568435832539348304e+07;4.155380123396408744e+06;-1.859345234204629660e+08
5.824740125944630057e+07;9.556539828451093286e+06;-1.863052316839605272e+08
1.073253461028550565e+08;4.482635189321817458e+07;6.492000658036448993e+06
1.108315551123754829e+08;5.199726356835676730e+07;6.947575947681512684e+06
1.144069683852298558e+08;5.931334975637663156e+07;7.412298465300748125e+06
1.180833399123304039e+08;6.683890876610188186e+07;7.890266549387942068e+06
1.218960051754465550e+08;7.464520610782481730e+07;8.386028712871188298e+06
1.258854781860278398e+08;8.281325803782817721e+07;8.904770466037303209e+06
1.300994801031254232e+08;9.143720044250588119e+07;9.452544591909242794e+06
1.345959062319923341e+08;1.006284756555866599e+08;1.003657647661471367e+07
1.394476667945796549e+08;1.105208895150538087e+08;1.066568634346617013e+07
1.447514413699987233e+08;1.212751956168391854e+08;1.135085848723814823e+07
1.506495715633624792e+08;1.330763217853742838e+08;1.210605682365872897e+07
1.574176366954066157e+08;1.460738056844730079e+08;1.294942057253663987e+07
1.661381227015339732e+08;1.597499029735350609e+08;1.390504635840027593e+07
1.631880438025462031e+08;1.724390173156962097e+08;1.432059806137141213e+07
1.531252475557606220e+08;1.693478409735915065e+08;1.375934668595534936e+07
1.430187518526541293e+08;1.664890146088265479e+08;1.320614438014866412e+07
1.331555287515782714e+08;1.635931739308188856e+08;1.266174235144522414e+07
1.235682998719599694e+08;1.606232672371470928e+08;1.212595601137840375e+07
1.142404762355169207e+08;1.575766332936859727e+08;1.159796404968133010e+07
1.051406092606032342e+08;1.544552315376572013e+08;1.107650813857864402e+07
9.454449257509343326e+07;1.486073088331894577e+08;1.037487362883754075e+07
8.435382264859774709e+07;1.427064788374049664e+08;9.688281098121836782e+06
7.466297565408442914e+07;1.369855822085845172e+08;9.030692338799567893e+06
6.532887950703728944e+07;1.312807641549277753e+08;8.389011387727390975e+06
5.634035620720465481e+07;1.256474659410144687e+08;7.765126758132219315e+06
4.767625266835758090e+07;1.201397227388996482e+08;7.160441735892183147e+06
3.927484434388626367e+07;1.147269730244256556e+08;6.571018455562691204e+06
3.107927215590729192e+07;1.093792395862852037e+08;5.993151892489006743e+06
2.303648896772424504e+07;1.040667941386125833e+08;5.423310189457176253e+06
1.509630678536824323e+07;9.875990812542581558e+07;4.858083443982733414e+06
7.210433067720843479e+06;9.342835055032828450e+07;4.294121183794409968e+06
-6.684252502662850311e+05;8.804097544073833525e+07;3.728076594513017219e+06
-8.587466927513806149e+06;8.256511336404106021e+07;3.156541830781144090e+06
-1.658010483619887382e+07;7.689829720473356545e+07;2.573719159111819696e+06
-2.467739887044871226e+07;7.102612855207225680e+07;1.977668914504832588e+06
-3.293708089487640187e+07;6.497063579663254321e+07;1.366867744958660798e+06
-4.024097589928197116e+07;5.702522229979248345e+07;7.162072103966744617e+05
-4.719683544299975783e+07;4.903994011752338707e+07;7.869539801408661879e+04
-5.383514492747413367e+07;4.108848073997719586e+07;-5.438241544792621862e+05
-6.010899514782693237e+07;3.315652436768161878e+07;-1.149960921695218422e+06
-6.618098114203259349e+07;2.534047600081040710e+07;-1.742538983056659810e+06
-7.213180663353809714e+07;1.761730857698718458e+07;-2.325984295664000791e+06
-7.771400717416535318e+07;9.900541366731172428e+06;-2.893428158911597915e+06
-8.321580602463454008e+07;2.234637350552434102e+06;-3.455271237045594957e+06
-8.800048437707118690e+07;-5.389185708298720419e+06;-3.984720931962743402e+06
-9.163682047148659825e+07;-1.279741965517677367e+07;-4.455974678515861742e+06
-9.518410746300938725e+07;-2.003016856720440835e+07;-4.915941206093135290e+06
-9.867289762252663076e+07;-2.714919535649281740e+07;-5.368559388706689700e+06
-1.021319325122206062e+08;-3.421257720498069376e+07;-5.817533759017805569e+06
-1.055889534713857323e+08;-4.127658247940984368e+07;-6.266448733891776763e+06
-1.090716713086558431e+08;-4.839746857799679786e+07;-6.718887220336417668e+06
-1.126086966418816149e+08;-5.563327668698861450e+07;-7.178546411469979212e+06
-1.162304284104640931e+08;-6.304568524557547271e+07;-7.649355183214581572e+06
-1.199702523764083236e+08;-7.070217008886227012e+07;-8.135617064594516531e+06
-1.238658620366997719e+08;-7.867848537234219909e+07;-8.642172718823974952e+06
-1.279610707743467391e+08;-8.706173451681165397e+07;-9.174608178558697924e+06
-1.323082552994802743e+08;-9.595414198687350750e+07;-9.739519937607925385e+06
-1.369720302035932243e+08;-1.054776584760793597e+08;-1.034486853814698569e+07
-1.420356507862177491e+08;-1.157791413653934747e+08;-1.100047238841936179e+07
-1.476142043681216240e+08;-1.270330120560829043e+08;-1.171868455932636559e+07
-1.538953000650225580e+08;-1.394236773855278194e+08;-1.251537815160746872e+07
-1.613641339361825585e+08;-1.529544796531923413e+08;-1.341139840159619227e+07
-1.657723994212270677e+08;-1.725304450943574309e+08;-1.443476646945047751e+07
-1.582097921470965743e+08;-1.708189203540999889e+08;-1.403906097934589721e+07
-1.480480901116823256e+08;-1.679170426052998602e+08;-1.348166624157037027e+07
-1.380527416322835684e+08;-1.650495587555034459e+08;-1.293283680069674365e+07
-1.283279071040125191e+08;-1.621178877936132252e+08;-1.239281063845895976e+07
-1.188737363505937457e+08;-1.591094132488421500e+08;-1.186105598459033668e+07
-1.096642830200157315e+08;-1.560251954302661419e+08;-1.133651085604256019e+07
-9.985235851927252114e+07;-1.516330769813917279e+08;-1.073045336997212470e+07
-8.938175912289929390e+07;-1.456327948887895346e+08;-1.002767337375948951e+07
-7.945074521462908387e+07;-1.398251772128967047e+08;-9.356137003794509917e+06
-6.996566058138413727e+07;-1.341542065121482611e+08;-8.709457872033201158e+06
-6.078999279334863275e+07;-1.284464921199060082e+08;-8.074413085956515744e+06
-5.197173383816695213e+07;-1.228798204391191900e+08;-7.460636147655652836e+06
-4.344636319210158288e+07;-1.174233481556486636e+08;-6.864058136989085935e+06
-3.515472415479196608e+07;-1.120468464345230013e+08;-6.280865135277977213e+06
-2.704197653999979794e+07;-1.067204679286453873e+08;-5.707443697261736728e+06
-1.905662445055111125e+07;-1.014145265256631225e+08;-5.140329943972270936e+06
-1.114955045846576430e+07;-9.609913678376458585e+07;-4.576152997634588741e+06
-3.273068766955727246e+06;-9.074364032769463956e+07;-4.011570032062213402e+06
4.619952412714147940e+06;-8.531621924562981725e+07;-3.443212419743216131e+06
1.257625737537610345e+07;-7.977851167170202732e+07;-2.867448885268855840e+06
2.061171587209476531e+07;-7.398249503123456240e+07;-2.277286335817601532e+06
2.878362996323912591e+07;-6.802399852577356994e+07;-1.674368724601567723e+06
3.662219793625362217e+07;-6.099018339434786886e+07;-1.039791714421180310e+06
4.380093169087834656e+07;-5.308043836985699832e+07;-3.959934405079249991e+05
5.053953393692280352e+07;-4.504483294844973832e+07;2.343957478049978672e+05
5.701429724137583375e+07;-3.711547671523141116e+07;8.489940545335907955e+05
6.316273564240378141e+07;-2.923370906957473233e+07;1.447638307174315210e+06
6.916898060375416279e+07;-2.147043158727297559e+07;2.035159687272497220e+06
7.493561823904490471e+07;-1.374946775001611188e+07;2.610652130025800318e+06
8.047252829848103225e+07;-6.064361960315145552e+06;3.174812618739163969e+06
8.594835232109060884e+07;1.594888510475029470e+06;3.735263487418408040e+06
8.983180151564320922e+07;9.119301100156906992e+06;4.222018158984308131e+06
9.341962051551441848e+07;1.643175717252895050e+07;4.687115086686910130e+06
9.693397809794896841e+07;2.360020235786358267e+07;5.142932817079740576e+06
1.004044003453773409e+08;3.068430754978435487e+07;5.593277265685594641e+06
1.038589808697051853e+08;3.774100919509076327e+07;6.041776483299156651e+06
1.073253461028550565e+08;4.482635189321817458e+07;6.492000658036448993e+06
9.427697372611819208e+07;5.219447117319906503e+07;1.705020155428754389e+08
9.658330767057693005e+07;5.706938372335095704e+07;1.717506233166812658e+08
9.888296303376632929e+07;6.202544171286742389e+07;1.734641418150130510e+08
1.011856427740881145e+08;6.708472085392209888e+07;1.756617337905187309e+08
1.035014450440523773e+08;7.227088608830507100e+07;1.783691177768975496e+08
1.058412513753427714e+08;7.760961735056330264e+07;1.816194564439286590e+08
1.082171088042240888e+08;8.312888678278079629e+07;1.854542325267603099e+08
1.106431591747607887e+08;8.885919879942639172e+07;1.899248062250775993e+08
1.131372391042332649e+08;9.483307108099199831e+07;1.950940768980048001e+08
1.157250042838321626e+08;1.010823137317950428e+08;2.010387271479358673e+08
1.184535563084973097e+08;1.076265812266852558e+08;2.078525223978230953e+08
1.214527787443826050e+08;1.144142223132365048e+08;2.156500640512591898e+08
1.253328536830059737e+08;1.209278736793044060e+08;2.245720057231458127e+08
1.256213922231405675e+08;1.317517325384910405e+08;2.347922916794564426e+08
1.292240138345813304e+08;1.401163524741125405e+08;2.465274608303203583e+08
1.327608873927191198e+08;1.495698559918911159e+08;2.600498108473594189e+08
1.364773824350890517e+08;1.600780204830221236e+08;2.757057395116113424e+08
1.404801491865942776e+08;1.718031506893230379e+08;2.939416034750997424e+08
1.393595766850895286e+08;1.779763963803701699e+08;3.033658813881979585e+08
1.308883203134540319e+08;1.748639616746010482e+08;2.978216575288205743e+08
1.211389774325707853e+08;1.696562198907618821e+08;2.895798315963751674e+08
1.108581151552723348e+08;1.631708043767979443e+08;2.799562603881178498e+08
1.011689108283240348e+08;1.569821229518206418e+08;2.715654530857847333e+08
9.191056660979191959e+07;1.509143515442801416e+08;2.640500489606626928e+08
8.303473478874172270e+07;1.449415288113463223e+08;2.573178815685952604e+08
7.457476937474066019e+07;1.391802474871152937e+08;2.515419132704897821e+08
6.647340370805130154e+07;1.335983732419671267e+08;2.466482897674190700e+08
5.867924378230176866e+07;1.281659983059384674e+08;2.425763724458865225e+08
5.103340303221147507e+07;1.225850021657413989e+08;2.387513148761392236e+08
4.353662415130919963e+07;1.168494196759385169e+08;2.351240715904569030e+08
3.618205316426460445e+07;1.109193734223868996e+08;2.315706652327687144e+08
2.887362168972601369e+07;1.043935485689019263e+08;2.271620792072778046e+08
2.177604355959271267e+07;9.763492335701635480e+07;2.225352102332095206e+08
1.496974297443018481e+07;9.090510694360135496e+07;2.182017834151176512e+08
8.454140819159386680e+06;8.422484508479413390e+07;2.141784702630403936e+08
2.228785997638762929e+06;7.773440276629875600e+07;2.108165849092121720e+08
-3.730860065355505329e+06;7.120659101007407904e+07;2.075079383943139315e+08
-9.431192571314983070e+06;6.481970019939662516e+07;2.047342225765921772e+08
-1.490214379210017063e+07;5.857729475256419927e+07;2.025572998623629212e+08
-2.011955325895116851e+07;5.231671328535348177e+07;2.004395661060986221e+08
-2.512488277594724298e+07;4.616050718207734823e+07;1.988159383373106718e+08
-2.994871221211048961e+07;4.010548156355720758e+07;1.977547402964379191e+08
-3.453163472896875441e+07;3.404527604370258749e+07;1.967834792333908677e+08
-3.859033916250763088e+07;2.780102040833600238e+07;1.945320282815475464e+08
-4.214906926243997365e+07;2.157767685125510395e+07;1.915651877043587565e+08
-4.548282474501513690e+07;1.557830340584463254e+07;1.892522609952952862e+08
-4.861478229258424044e+07;9.766228986440539360e+06;1.875616025305332243e+08
-5.156469789700265229e+07;4.108325174282375257e+06;1.864712178449936807e+08
-5.434940107260759920e+07;-1.425806362876463216e+06;1.859678912664105296e+08
-5.698320870405049622e+07;-6.864516712894552387e+06;1.860467489631062448e+08
-5.947826883878520876e+07;-1.223471816140901297e+07;1.867111672094533145e+08
-6.184477794663885981e+07;-1.756243425520943105e+07;1.879727675576045215e+08
-6.409116764081212133e+07;-2.287331315346269310e+07;1.898517960710048378e+08
-6.622425986160922796e+07;-2.819313401609446853e+07;1.923778450803816617e+08
-6.824935878990796208e+07;-3.354830597492561489e+07;1.955908240506554246e+08
-7.017031102594679594e+07;-3.896635435982426256e+07;1.995422876142286658e+08
-7.198966230157461762e+07;-4.447641126689771563e+07;2.042974219922890365e+08
-7.370887269709673524e+07;-5.010951352945814282e+07;2.099373371605068445e+08
-7.532924990208768845e+07;-5.589843475933168083e+07;2.165624953774486780e+08
-7.685496279797041416e+07;-6.187526019118952006e+07;2.242967081750133634e+08
-7.830705862655253708e+07;-6.805831666177161038e+07;2.332929079516671002e+08
-7.982507595595641434e+07;-7.435131026177655160e+07;2.437401600628075600e+08
-7.925719465490587056e+07;-8.295437308987030387e+07;2.558735698053664863e+08
-8.089200583095411956e+07;-8.963326172990325093e+07;2.699868448642160296e+08
-8.173521787259997427e+07;-9.744390673410680890e+07;2.864495926716354489e+08
-8.223068649425381422e+07;-1.060121672133361399e+08;3.057299809925780296e+08
-8.237512636612664163e+07;-1.154196238533602357e+08;3.284257319064897895e+08
-8.089592655935730040e+07;-1.239948970989206731e+08;3.501278151729332805e+08
-7.004160240767826140e+07;-1.184836713220722526e+08;3.339019673277094960e+08
-5.975572925645267963e+07;-1.129188824654775262e+08;3.193988411173260212e+08
-5.004986735894691944e+07;-1.074561983885748982e+08;3.068266636108546853e+08
-4.080873813758891821e+07;-1.020106937118794024e+08;2.957596850564550757e+08
-3.194238021859854832e+07;-9.648462320510001481e+07;2.857591793286141753e+08
-2.343265708270474151e+07;-9.092624882620966434e+07;2.768310452900913358e+08
-1.519604443944885023e+07;-8.506457115503495932e+07;2.680116632332656980e+08
-7.264711060754259117e+06;-7.881955232002995908e+07;2.588389227343588769e+08
2.805336385229232837e+05;-7.236632163652063906e+07;2.496415996860527098e+08
7.428408493201858364e+06;-6.610403274089268595e+07;2.416344373914675117e+08
1.416898271636358835e+07;-5.971766895166671276e+07;2.335822824271960557e+08
2.051650950266612694e+07;-5.341010559402807057e+07;2.260881157784008384e+08
2.654091140445337445e+07;-4.729485488560764492e+07;2.195785685169648528e+08
3.228806795574773476e+07;-4.133955009631626308e+07;2.139536936934086084e+08
3.774426241102633625e+07;-3.546439101861675829e+07;2.088333066057306528e+08
4.291462552453341335e+07;-2.966171999921153486e+07;2.041306863427424431e+08
4.788704435029178858e+07;-2.397344562045667320e+07;2.001387375106119812e+08
5.269107123260219395e+07;-1.837401251838021725e+07;1.968015182013825476e+08
5.728841774178242683e+07;-1.282512813233728521e+07;1.938544476699689031e+08
6.165942563996962458e+07;-7.319526306030264124e+06;1.911808093417590857e+08
6.544868942022114992e+07;-1.851425060962036252e+06;1.877351102878373563e+08
6.856945545488715172e+07;3.485219762858202215e+06;1.834703035534255207e+08
7.154083214727614820e+07;8.663800371866311878e+06;1.798561912405888736e+08
7.438328533976739645e+07;1.371292835847462155e+07;1.768385383807745278e+08
7.711465633737452328e+07;1.865837120911771059e+07;1.743732609447899461e+08
7.975075695320443809e+07;2.352369773698348179e+07;1.724251945156149566e+08
8.230570507956533134e+07;2.833079767715421319e+07;1.709668026541975439e+08
8.479225016772110760e+07;3.310032860032787919e+07;1.699773175779327154e+08
8.722209383240552247e+07;3.785212895459423959e+07;1.694422007880893648e+08
8.960605727294614911e+07;4.260555080005403608e+07;1.693525669439852834e+08
9.195442975164729357e+07;4.737985875290013850e+07;1.697051848446834981e+08
9.427697372611819208e+07;5.219447117319906503e+07;1.705020155428754389e+08
8.758121290124122798e+07;5.590784974112751335e+07;2.538522081766715944e+08
8.929667395093569160e+07;5.959711310242160410e+07;2.551692510822192729e+08
9.098658180959500372e+07;6.334007397667934746e+07;2.570071474881255329e+08
9.265438853361399472e+07;6.714518129567824304e+07;2.593800887336046398e+08
9.430355185011582077e+07;7.102125731227265298e+07;2.623069746087706387e+08
9.593770703999613225e+07;7.497747357784761488e+07;2.658118058178535998e+08
9.756089762953241169e+07;7.902315520254628360e+07;2.699239926774312854e+08
9.917822231045754254e+07;8.316739358580766618e+07;2.746791099909080267e+08
1.007971182013926953e+08;8.741780473581261933e+07;2.801194216953823566e+08
1.024310701907469630e+08;9.177710820998293161e+07;2.862949180358661413e+08
1.041115952758711874e+08;9.623117759067189693e+07;2.932641276774442792e+08
1.059407618473681211e+08;1.006969899479218870e+08;3.010957593906441331e+08
1.083575705046634376e+08;1.047562855661676526e+08;3.098699406192793846e+08
1.075256270536394566e+08;1.122683230113145560e+08;3.196803204535107613e+08
1.094491209791402370e+08;1.172543297403158098e+08;3.306365149865489602e+08
1.111429325993482918e+08;1.227277027793015242e+08;3.428668297324300408e+08
1.127627818335865289e+08;1.285645150748180002e+08;3.565220505380632877e+08
1.143505061209166646e+08;1.347588520352908373e+08;3.717799014793071151e+08
1.159204326906375885e+08;1.413371678533633351e+08;3.888506007761522532e+08
1.174776991805016994e+08;1.483410334517157972e+08;4.079841289039223194e+08
1.190231972944701761e+08;1.558233884491014779e+08;4.294792818275806308e+08
1.205550558092478663e+08;1.638485068293614388e+08;4.536952192560698390e+08
1.144502582250122577e+08;1.617276815902480781e+08;4.510416004251457453e+08
1.057285119211855382e+08;1.556099748662943244e+08;4.382231152608633637e+08
9.728805404020330310e+07;1.494460822542204857e+08;4.260921661928120255e+08
8.919888038532720506e+07;1.433599862548390925e+08;4.149240274087802768e+08
8.141022492581743002e+07;1.372938507524236143e+08;4.044862113256784678e+08
7.386349185090909898e+07;1.311615498383678198e+08;3.944547181744537354e+08
6.665709312596669048e+07;1.251494486843287647e+08;3.853234940049532652e+08
5.965760677799024433e+07;1.190245029594875574e+08;3.763188861507391930e+08
5.302439001909020543e+07;1.131120711265759915e+08;3.684056568341137171e+08
4.662285561132080108e+07;1.071573058920268863e+08;3.607267954196671844e+08
4.052906775431463867e+07;1.013429230337978750e+08;3.538416745258453488e+08
3.474342324276541919e+07;9.571179446984799206e+07;3.478970505683414936e+08
2.921751160880863667e+07;9.017639192658829689e+07;3.425826709927433729e+08
2.391445045236040652e+07;8.464131537113946676e+07;3.375088846307628751e+08
1.887476645941771939e+07;7.926399697812321782e+07;3.332732955968215466e+08
1.407754277947927080e+07;7.402648207229109108e+07;3.298387890779316425e+08
9.494778471469338983e+06;6.884276736349466443e+07;3.268465250142041445e+08
5.121664700049372390e+06;6.369011185985006392e+07;3.241659968291475177e+08
9.617985232446527807e+05;5.865632832745645195e+07;3.222377894954499602e+08
-2.998876137724673841e+06;5.372643055987529457e+07;3.210463867296471596e+08
-6.708825823386801407e+06;4.842691275266801566e+07;3.175697775336801410e+08
-1.011708166266827658e+07;4.304963780272796005e+07;3.130398504335707426e+08
-1.326337656996749528e+07;3.789606400219579041e+07;3.093651899931221604e+08
-1.616577668679563515e+07;3.294293645124107599e+07;3.065064146398679614e+08
-1.883936367974691838e+07;2.816957298322215676e+07;3.044335148350070119e+08
-2.129655210364119336e+07;2.355751490570291504e+07;3.031252566156836748e+08
-2.354732130800691620e+07;1.909020813603863865e+07;3.025685141130731106e+08
-2.559939023250876740e+07;1.475275240522499010e+07;3.027579342732606530e+08
-2.745835065614154562e+07;1.053169940905605257e+07;3.036959153417178988e+08
-2.912772420673847571e+07;6.414869663331378251e+06;3.053924383916639686e+08
-3.060899354347369820e+07;2.391220217436129693e+06;3.078653343633153439e+08
-3.190158373635640740e+07;-1.549262357700843830e+06;3.111406507825188041e+08
-3.300280193207580969e+07;-5.415635542158612981e+06;3.152532181886554360e+08
-3.390772102145539224e+07;-9.216030345047069713e+06;3.202472461062440872e+08
-3.460907649086561799e+07;-1.295762172939102538e+07;3.261775070807277560e+08
-3.509713939362367243e+07;-1.664647168779695779e+07;3.331103313339489102e+08
-3.535981407875324786e+07;-2.028708924158271030e+07;3.411253345293331742e+08
-3.538350909930566698e+07;-2.388102606458792835e+07;3.503170893495209813e+08
-3.515826273551896214e+07;-2.742110704088987783e+07;3.607975911610254049e+08
-3.472018209168493748e+07;-3.084806934318049625e+07;3.726987473354194164e+08
-3.307707664942346141e+07;-3.512384405890711397e+07;3.861760043807779551e+08
-3.223228065813525766e+07;-3.820620778141127527e+07;4.014119763052151203e+08
-3.063908978894909844e+07;-4.159248442688197643e+07;4.186212687893186212e+08
-2.853599918007566035e+07;-4.498185226739249378e+07;4.380557828546492457e+08
-2.539010666548034176e+07;-4.742286762283647805e+07;4.512967714638620019e+08
-2.107946552038693801e+07;-4.818240723321811855e+07;4.523444067036100030e+08
-1.643299107484787703e+07;-4.854916687214127928e+07;4.538113896498059630e+08
-1.145611823126767948e+07;-4.851742881247401237e+07;4.556942601422995925e+08
-6.153713543700187467e+06;-4.808145165650556982e+07;4.579876953846013546e+08
-5.306613754353765398e+05;-4.723520142806296796e+07;4.606842707214781642e+08
5.219312952902109362e+06;-4.437071248208015412e+07;4.476169580162217021e+08
1.068059806967252865e+07;-4.058290298712623864e+07;4.281727531141023040e+08
1.587936615617325343e+07;-3.678409460112126917e+07;4.109123488697549701e+08
2.080999986966263875e+07;-3.291673644001074880e+07;3.948738309101933837e+08
2.551193214753673598e+07;-2.904354236480479687e+07;3.804715274384174943e+08
3.001644081448090822e+07;-2.517570564292427152e+07;3.676561096403410435e+08
3.434616178634761274e+07;-2.131054866289884597e+07;3.562629970509917140e+08
3.852115544526329637e+07;-1.744465634865682945e+07;3.461521715292490721e+08
4.255929887650363892e+07;-1.357401200086717494e+07;3.372042720401149988e+08
4.639188788430786133e+07;-9.676423875038469210e+06;3.287171057745374441e+08
4.978306129362794757e+07;-5.741772437481808476e+06;3.191704515944961905e+08
5.278882852183002979e+07;-1.843774391461318592e+06;3.092662332145522833e+08
5.564322991833389550e+07;1.981535438634822378e+06;3.004281982901856303e+08
5.836137281404894590e+07;5.742891692530979402e+06;2.925593071449795365e+08
6.095661665729745477e+07;9.448610853985738009e+06;2.855762196342098117e+08
6.344084837667942792e+07;1.310664865236679465e+07;2.794074959397879839e+08
6.582466966631581634e+07;1.672465329582243599e+07;2.739919087046611905e+08
6.811755583623981476e+07;2.031001139980795979e+07;2.692770658816670775e+08
7.032802789954343438e+07;2.386990281576640159e+07;2.652184417651354671e+08
7.246379907194042206e+07;2.741135910633925721e+07;2.617785538469061553e+08
7.453180743642389774e+07;3.094128512479539588e+07;2.589259545067367852e+08
7.653839282569490373e+07;3.446653591717050225e+07;2.566349540632294118e+08
7.848934002031898499e+07;3.799395213623907417e+07;2.548850030431236327e+08
8.038993848773278296e+07;4.153040174452753365e+07;2.536602930747624934e+08
8.224507352305215597e+07;4.508284251205439121e+07;2.529495706021577418e+08
8.405923128052593768e+07;4.865834362558075786e+07;2.527457818498468399e+08
8.583664825050222874e+07;5.226419035147137195e+07;2.530462551883843243e+08
8.758121290124122798e+07;5.590784974112751335e+07;2.538522081766715944e+08
