2.883209201329561710e+09;2.883209201329561710e+09;2.512467873029880524e+10;2.289458521000000000e+09;2.294035567000000000e+09;1.832691089090533447e+10
3.087772686727088451e+09;3.087772686727088451e+09;2.596355384810329819e+10;2.419624100000000000e+09;2.421868245000000000e+09;2.051715944791457367e+10
2.818814269274254799e+09;2.818814269274254799e+09;2.488702090993431091e+10;2.230094727000000000e+09;2.222145364000000000e+09;1.951651154118821716e+10
2.830826872983389854e+09;2.830826872983389854e+09;2.491062168011118698e+10;2.275958215000000000e+09;2.282549491000000000e+09;2.120029495410218430e+10
2.986217703285733700e+09;2.986217703285733700e+09;2.559165482444639206e+10;2.208629495000000000e+09;2.197815501000000000e+09;1.922010309004778671e+10
2.892167078427287579e+09;2.892167078427287579e+09;2.515488678857650757e+10;2.273565201000000000e+09;2.289885072000000000e+09;1.796615719761611938e+10
2.983565931920688629e+09;2.983565931920688629e+09;2.555346788974589157e+10;2.266328646000000000e+09;2.265805967000000000e+09;1.839293802604077148e+10
3.029208664118535042e+09;3.029208664118535042e+09;2.577880868605709076e+10;2.168602648000000000e+09;2.171542767000000000e+09;2.005586455593795013e+10
2.612159980868253708e+09;2.612159980868253708e+09;2.404749483980981445e+10;2.235575452000000000e+09;2.232641440000000000e+09;1.865634619173027039e+10
2.756901381388605595e+09;2.756901381388605595e+09;2.459976246848599243e+10;2.361873779000000000e+09;2.364794940000000000e+09;2.062882634227488708e+10
2.878838291674513340e+09;2.878838291674513340e+09;2.510194117256314087e+10;2.332898509000000000e+09;2.334902509000000000e+09;2.100036303050914001e+10
3.123651470958135128e+09;3.123651470958135128e+09;2.616471794190148926e+10;2.267303596000000000e+09;2.256643470000000000e+09;1.925234519014857483e+10
3.046512168511595726e+09;3.046512168511595726e+09;2.578382125434062958e+10;2.439073217000000000e+09;2.429775463000000000e+09;1.880001336925584793e+10
2.770246796640891552e+09;2.770246796640891552e+09;2.467788178617397308e+10;2.276364415000000000e+09;2.272376283000000000e+09;1.982157250196614456e+10
2.911267668151821613e+09;2.911267668151821613e+09;2.525964059540318680e+10;2.173143699000000000e+09;2.186576609000000000e+09;1.790135784182347870e+10
2.935752092831648350e+09;2.935752092831648350e+09;2.533005966120368195e+10;2.305608530000000000e+09;2.320341690000000000e+09;1.802651906372395325e+10
2.858109846437992096e+09;2.858109846437992096e+09;2.502428330004701996e+10;2.190432341000000000e+09;2.198066944000000000e+09;2.173494235283478928e+10
3.011582558005509853e+09;3.011582558005509853e+09;2.569682856086800766e+10;2.208637360000000000e+09;2.202665460000000000e+09;1.948231964756089020e+10
3.024361279048321247e+09;3.024361279048321247e+09;2.576180934884174728e+10;2.132684698000000238e+09;2.131743295000000238e+09;2.052922816195261383e+10
2.999321781858392239e+09;2.999321781858392239e+09;2.565425491701417542e+10;2.160978310000000000e+09;2.162190111000000000e+09;1.992700596189502335e+10
2.959108618363370895e+09;2.959108618363370895e+09;2.543882743433997726e+10;2.366220267000000000e+09;2.358745155000000000e+09;1.962959710085786057e+10
2.919288024261540890e+09;2.919288024261540890e+09;2.531315673551960373e+10;2.201545088000000000e+09;2.190295258000000000e+09;1.922446264577203751e+10
2.858495794852673054e+09;2.858495794852673054e+09;2.506826570696931458e+10;2.150846035000000000e+09;2.145425653000000000e+09;1.952420997684342194e+10
2.823677468964818478e+09;2.823677468964818478e+09;2.494237802258425522e+10;2.083482747000000000e+09;2.076937829000000000e+09;1.938959069259080505e+10
2.748497901585757732e+09;2.748497901585757732e+09;2.463562455911083221e+10;2.026548093000000000e+09;2.028746126000000000e+09;1.815123413016067505e+10
3.018470460714610577e+09;3.018470460714610577e+09;2.566037595910008621e+10;2.436948380000000000e+09;2.435508882000000000e+09;1.859447568267873383e+10
2.861243549065511227e+09;2.861243549065511227e+09;2.504461311660525894e+10;2.283877018000000000e+09;2.284946153000000000e+09;2.053465656598501587e+10
2.889185011830259800e+09;2.889185011830259800e+09;2.509628053829776382e+10;2.347512094000000000e+09;2.365208820000000000e+09;1.718153011628175354e+10
3.034510132319485664e+09;3.034510132319485664e+09;2.571894617816662979e+10;2.484522013000000000e+09;2.484143897000000000e+09;2.092968393663618469e+10
2.813288720837012291e+09;2.813288720837012291e+09;2.483910964593851089e+10;2.338394872000000000e+09;2.321398501000000000e+09;1.911477413926453018e+10
2.861857230348185539e+09;2.861857230348185539e+09;2.501110035395668030e+10;2.241349998000000000e+09;2.256716177000000000e+09;2.216521190407620621e+10
2.874924432950482845e+09;2.874924432950482845e+09;2.502021405885495758e+10;2.480754835000000000e+09;2.502994524000000000e+09;1.769149171859456635e+10
3.056855832856612682e+09;3.056855832856612682e+09;2.590729146200088882e+10;2.050064304000000000e+09;2.051918744000000238e+09;2.120465676559410095e+10
2.759922248848651409e+09;2.759922248848651409e+09;2.466157853418807220e+10;2.171502077000000000e+09;2.162267791000000000e+09;1.940101161112991333e+10
3.130673086117293358e+09;3.130673086117293358e+09;2.622457935746511841e+10;2.140343656999999762e+09;2.138875721999999762e+09;1.963846237516266632e+10
2.867945518651435375e+09;2.867945518651435375e+09;2.499621848003841400e+10;2.300349903000000000e+09;2.320174590000000000e+09;2.270263443447581863e+10
3.002097394013889313e+09;3.002097394013889313e+09;2.567236255661600113e+10;2.142624872999999762e+09;2.129181446000000000e+09;1.868624798326232910e+10
3.014249535617468834e+09;3.014249535617468834e+09;2.560439438546105576e+10;2.282068702000000000e+09;2.265783606000000000e+09;1.641055941986274719e+10
2.922761363233355045e+09;2.922761363233355045e+09;2.531997567034832382e+10;2.020902252999999762e+09;2.037050475000000000e+09;1.684055528340568542e+10
2.701902832573892117e+09;2.701902832573892117e+09;2.441474072182347488e+10;2.229604511000000000e+09;2.222000570000000000e+09;1.960905341260962296e+10
3.025505578494394302e+09;3.025505578494394302e+09;2.579725244114772415e+10;2.052510426000000000e+09;2.049204689000000000e+09;1.943285654888558197e+10
3.056487596552769184e+09;3.056487596552769184e+09;2.590443809297937393e+10;2.098581216000000000e+09;2.100976957999999762e+09;2.067364381581079483e+10
2.871502691073840141e+09;2.871502691073840141e+09;2.510893404576552582e+10;2.177943962000000000e+09;2.176666358000000000e+09;2.063672398038636017e+10
2.978181194380691051e+09;2.978181194380691051e+09;2.556467007224969864e+10;2.166104011000000000e+09;2.164126606000000000e+09;1.970964722838883209e+10
2.932678835716612816e+09;2.932678835716612816e+09;2.539948868640940857e+10;2.068512741000000000e+09;2.053333616000000000e+09;1.873165640752029037e+10
3.053259905423387051e+09;3.053259905423387051e+09;2.580293556896391678e+10;2.388612319000000000e+09;2.391809941000000000e+09;2.161179903663248444e+10
2.922562515950734138e+09;2.922562515950734138e+09;2.527161548506638336e+10;2.265828198000000000e+09;2.287942410000000000e+09;1.756717403857923508e+10
2.777497658890919685e+09;2.777497658890919685e+09;2.468731709369369888e+10;2.336999388000000000e+09;2.333921305000000000e+09;2.076612531661031342e+10
2.997884045201309681e+09;2.997884045201309681e+09;2.564498883652913666e+10;2.191545627000000000e+09;2.175507142000000000e+09;1.892200223207930374e+10
2.805046317716284275e+09;2.805046317716284275e+09;2.487432749330997086e+10;2.005155928000000000e+09;2.008483169000000000e+09;2.076692052057932663e+10
2.895662351663228989e+09;2.895662351663228989e+09;2.514541577505331802e+10;2.441224494000000000e+09;2.444065942000000000e+09;2.115249906878120041e+10
2.783087324385944843e+09;2.783087324385944843e+09;2.469414023015903091e+10;2.404142603000000000e+09;2.400781596000000000e+09;1.874753304116485977e+10
2.675532352883157730e+09;2.675532352883157730e+09;2.431094975162048340e+10;2.214754302000000000e+09;2.200213015000000000e+09;1.922731810102458954e+10
2.920602888611562729e+09;2.920602888611562729e+09;2.526288298787657928e+10;2.429254153000000000e+09;2.411669149000000000e+09;1.914548119694046783e+10
2.675209271464522839e+09;2.675209271464522839e+09;2.431232195593978500e+10;2.207989592000000000e+09;2.196838661000000000e+09;1.940596682483670425e+10
2.784839377765480995e+09;2.784839377765480995e+09;2.477199931985674286e+10;2.108598264999999762e+09;2.112388649000000000e+09;2.020036217544752502e+10
2.941574697944801807e+09;2.941574697944801807e+09;2.537533522493918991e+10;2.248146721000000000e+09;2.254792438000000000e+09;2.111263708331208801e+10
2.976115215050981045e+09;2.976115215050981045e+09;2.555142066548614502e+10;2.195265272000000000e+09;2.187568698000000000e+09;1.939396110005547714e+10
3.138632794186774254e+09;3.138632794186774254e+09;2.620157008917870331e+10;2.330636672000000000e+09;2.328985799000000000e+09;2.064799500418499374e+10
2.848500387320367336e+09;2.848500387320367336e+09;2.495035844556636047e+10;2.453268035000000000e+09;2.449799256000000000e+09;1.878807732969678497e+10
2.937691363496906757e+09;2.937691363496906757e+09;2.538701119199472427e+10;2.157014069000000000e+09;2.157654164000000000e+09;1.825815221563809586e+10
3.038689235111905575e+09;3.038689235111905575e+09;2.570767689301937485e+10;2.379029199000000000e+09;2.392421113000000000e+09;1.698853160626869965e+10
2.705069428071761608e+09;2.705069428071761608e+09;2.441598259338764954e+10;2.237353327000000000e+09;2.238513402000000000e+09;2.096024994659927368e+10
2.791292694712358475e+09;2.791292694712358475e+09;2.476961934055381012e+10;2.205412293000000000e+09;2.209143975000000000e+09;2.100800170011606979e+10
2.965713787522558212e+09;2.965713787522558212e+09;2.549805049432009125e+10;2.178540082000000000e+09;2.179203556000000000e+09;1.826158230464390182e+10
3.097535913599507332e+09;3.097535913599507332e+09;2.601985266661243439e+10;2.387646509000000000e+09;2.369464896000000000e+09;1.903033134334011078e+10
2.944095278857175827e+09;2.944095278857175827e+09;2.542412538738212204e+10;2.164405599000000000e+09;2.162105631000000000e+09;1.970124450365982819e+10
3.012793198660866261e+09;3.012793198660866261e+09;2.569127800437147141e+10;2.216397731000000000e+09;2.216876899000000000e+09;2.070324678230683899e+10
2.907293591410794258e+09;2.907293591410794258e+09;2.524267046174733353e+10;2.186651261000000000e+09;2.190103141000000000e+09;2.130892457940072632e+10
2.821011732597454071e+09;2.821011732597454071e+09;2.483909347449164963e+10;2.463136404000000000e+09;2.464036684000000000e+09;2.076413100472973251e+10
2.928196071600703239e+09;2.928196071600703239e+09;2.531486405772229004e+10;2.339512728000000000e+09;2.335394754000000000e+09;1.978828644887564087e+10
3.076657670529947758e+09;3.076657670529947758e+09;2.592710141557143784e+10;2.214440073000000000e+09;2.234107375000000000e+09;1.721932162881571579e+10
2.955113175370372772e+09;2.955113175370372772e+09;2.541142601148851776e+10;2.407726334000000000e+09;2.405131937000000000e+09;1.996190227490965652e+10
3.090767052633422375e+09;3.090767052633422375e+09;2.599942483073470688e+10;2.330044501000000000e+09;2.334755749000000000e+09;2.033697195111688614e+10
3.006237281654131413e+09;3.006237281654131413e+09;2.565730277900257492e+10;2.249961262000000000e+09;2.248824691000000000e+09;2.047782960424885559e+10
2.727597248478656769e+09;2.727597248478656769e+09;2.447944865786639023e+10;2.372872124000000000e+09;2.365504603000000000e+09;1.885909582871101379e+10
2.814249685138770580e+09;2.814249685138770580e+09;2.488721031774896240e+10;2.152572569000000000e+09;2.150913630000000000e+09;1.981133609104128647e+10
3.066673706094627380e+09;3.066673706094627380e+09;2.586118377596094131e+10;2.510224369000000000e+09;2.495430739000000000e+09;1.939983239550175858e+10
3.015686429959006310e+09;3.015686429959006310e+09;2.567544316573804474e+10;2.342339741000000000e+09;2.336400776000000000e+09;1.860527367703563309e+10
3.125524912637947559e+09;3.125524912637947559e+09;2.616151377730979538e+10;2.281612086000000000e+09;2.271816976000000000e+09;1.861014670243920135e+10
2.891073356287621021e+09;2.891073356287621021e+09;2.520042658842987061e+10;2.122119082000000238e+09;2.125533021000000000e+09;2.084590141233529663e+10
2.867914018456371307e+09;2.867914018456371307e+09;2.507356281249984741e+10;2.239204894000000000e+09;2.245127839000000000e+09;2.111630402380965042e+10
2.983133337276554585e+09;2.983133337276554585e+09;2.552552216844593430e+10;2.382684151000000000e+09;2.381493854000000000e+09;2.082370785896444321e+10
2.669479164524324894e+09;2.669479164524324894e+09;2.421743687016315460e+10;2.551843776000000000e+09;2.542650016000000000e+09;1.998058113194051361e+10
2.819249398751636028e+09;2.819249398751636028e+09;2.488386475979743576e+10;2.222608577000000000e+09;2.220459969000000000e+09;2.059147051455269241e+10
2.878420597589353085e+09;2.878420597589353085e+09;2.512649369220210648e+10;2.196012608000000000e+09;2.200055815000000000e+09;1.823383181053723145e+10
2.876298332032963753e+09;2.876298332032963753e+09;2.507350916526891708e+10;2.122748478000000000e+09;2.140348646999999762e+09;2.253719030644456863e+10
2.895631995072053909e+09;2.895631995072053909e+09;2.516449164478414917e+10;2.256522735000000000e+09;2.280026398000000000e+09;1.772132206496384430e+10
2.968226431982217789e+09;2.968226431982217789e+09;2.547762741255617142e+10;2.307833337000000000e+09;2.312014297000000000e+09;2.103330666233672333e+10
2.865736052291577816e+09;2.865736052291577816e+09;2.506027903835802460e+10;2.314973147000000000e+09;2.313964558000000000e+09;2.001953314385308838e+10
2.952593568832175732e+09;2.952593568832175732e+09;2.541979593813124466e+10;2.321749535000000000e+09;2.318873860000000000e+09;1.984960691008863449e+10
2.900566206550484180e+09;2.900566206550484180e+09;2.517452996203574371e+10;2.396657475000000000e+09;2.401366463000000000e+09;2.119102900147468948e+10
2.977842868796771049e+09;2.977842868796771049e+09;2.553700291201983643e+10;2.285024354000000000e+09;2.275665884000000000e+09;1.941796591953050613e+10
2.812265091130875111e+09;2.812265091130875111e+09;2.484624950401804352e+10;2.227686235000000000e+09;2.235100192000000000e+09;2.120684140101885986e+10
2.793960789782177448e+09;2.793960789782177448e+09;2.474530924627713013e+10;2.384222714000000000e+09;2.388285792000000000e+09;2.050378548233898926e+10
3.013530172050446510e+09;3.013530172050446510e+09;2.568638197056829071e+10;2.287244838000000000e+09;2.280588894000000000e+09;1.955415048995699692e+10
2.837064476866576672e+09;2.837064476866576672e+09;2.490971795403068924e+10;2.428887999000000000e+09;2.423973952000000000e+09;1.879183538456616974e+10
2.748119727822420120e+09;2.748119727822420120e+09;2.455329493402861023e+10;2.400227714000000000e+09;2.397706206000000000e+09;2.091775094178281784e+10
3.096187669638685226e+09;3.096187669638685226e+09;2.603118811488817978e+10;2.316315736000000000e+09;2.301433186000000000e+09;1.885589036492764664e+10
2.864132305305285454e+09;2.864132305305285454e+09;2.506751743876084137e+10;2.255619634000000000e+09;2.251411558000000000e+09;1.971725132132643127e+10
2.971046127676867008e+09;2.971046127676867008e+09;2.547636147554191589e+10;2.312669478000000000e+09;2.314648505000000000e+09;2.152657330579848862e+10
2.846453766523256302e+09;2.846453766523256302e+09;2.500464531026926041e+10;2.185836511000000000e+09;2.181221577000000000e+09;1.850467018803666687e+10
2.916828961921855450e+09;2.916828961921855450e+09;2.527061478317277145e+10;2.241328070000000000e+09;2.250492798000000000e+09;1.812180418665962601e+10
2.783786101118527412e+09;2.783786101118527412e+09;2.471244198654878616e+10;2.359465383000000000e+09;2.360022218000000000e+09;2.023222471175475311e+10
2.746240841811998367e+09;2.746240841811998367e+09;2.456498548433699417e+10;2.280172380000000000e+09;2.286180584000000000e+09;1.835528589199040222e+10
2.838321125002819538e+09;2.838321125002819538e+09;2.493028765446856308e+10;2.234822499000000000e+09;2.257023405000000000e+09;1.760731198377286530e+10
2.787105508748100281e+09;2.787105508748100281e+09;2.469069228080164337e+10;2.425583450000000000e+09;2.427650900000000000e+09;2.175467799677915192e+10
2.689917136335488796e+09;2.689917136335488796e+09;2.434334859929411316e+10;2.276287533000000000e+09;2.280048150000000000e+09;2.116641177552795029e+10
2.826930986583710194e+09;2.826930986583710194e+09;2.490048859954479218e+10;2.321797126000000000e+09;2.312814587000000000e+09;1.958026181548707962e+10
2.957236563595858574e+09;2.957236563595858574e+09;2.542632611159122086e+10;2.300940355000000000e+09;2.306517936000000000e+09;2.132979942369372940e+10
2.706396503712994099e+09;2.706396503712994099e+09;2.441242190886724091e+10;2.280578932000000000e+09;2.279804772000000000e+09;2.090213136573105621e+10
2.761972653300640106e+09;2.761972653300640106e+09;2.462898358920041275e+10;2.353451325000000000e+09;2.345371069000000000e+09;1.970869783898266220e+10
2.696357289155993938e+09;2.696357289155993938e+09;2.436566905954512787e+10;2.325880479000000000e+09;2.328771323000000000e+09;2.042562325263468933e+10
2.734249530363548279e+09;2.734249530363548279e+09;2.448805706296223450e+10;2.219626664000000000e+09;2.238472735000000000e+09;2.241747548009651947e+10
3.054614780534927368e+09;3.054614780534927368e+09;2.584146433434671783e+10;2.287697635000000000e+09;2.295464508000000000e+09;2.118138885350814819e+10
2.822851393626625061e+09;2.822851393626625061e+09;2.485770263630365753e+10;2.274239917000000000e+09;2.296412362000000000e+09;1.763709259055027390e+10
2.861107469420016289e+09;2.861107469420016289e+09;2.501619691366366196e+10;2.385239965000000000e+09;2.383791741000000000e+09;1.862880248075442505e+10
2.700587664168476105e+09;2.700587664168476105e+09;2.442189548328167343e+10;2.169778516000000000e+09;2.155750500000000000e+09;1.916892399409722900e+10
2.779216223743005753e+09;2.779216223743005753e+09;2.474821996065798569e+10;2.115332345000000000e+09;2.118845453999999762e+09;2.029852650350164795e+10
3.012358641093759537e+09;3.012358641093759537e+09;2.567203219066677094e+10;2.319865705000000000e+09;2.317285528000000000e+09;1.983191074610585022e+10
2.895622912794858932e+09;2.895622912794858932e+09;2.513673995648340607e+10;2.299601962000000000e+09;2.317736233000000000e+09;1.720499769013298798e+10
2.719395740320158482e+09;2.719395740320158482e+09;2.447718006934695435e+10;2.245682839000000000e+09;2.247905030000000000e+09;2.026441800734237671e+10
3.002887763984303951e+09;3.002887763984303951e+09;2.563080889429483795e+10;2.223012197000000000e+09;2.226141999000000000e+09;2.147748174762461853e+10
3.037260523082959175e+09;3.037260523082959175e+09;2.576017423568536377e+10;2.289157070000000000e+09;2.304570055000000000e+09;1.793307829137508392e+10
2.812036632571600437e+09;2.812036632571600437e+09;2.478673512373602295e+10;2.428260628000000000e+09;2.449138771000000000e+09;1.810486065169059372e+10
2.929768586981881142e+09;2.929768586981881142e+09;2.533093973489690018e+10;2.143134377000000000e+09;2.152411362000000000e+09;2.172736750594059753e+10
2.788179890168896675e+09;2.788179890168896675e+09;2.473002765166754913e+10;2.378341559000000000e+09;2.367215447000000000e+09;1.956503164661436462e+10
2.851376913005227566e+09;2.851376913005227566e+09;2.504722157933920288e+10;2.090509687000000238e+09;2.088982342000000238e+09;2.053314624705995178e+10
3.079259764951174736e+09;3.079259764951174736e+09;2.602078966080318832e+10;2.077525377000000000e+09;2.071286335000000000e+09;1.927879516158572006e+10
2.928194786082675457e+09;2.928194786082675457e+09;2.527080475703474426e+10;2.289438954000000000e+09;2.306732536000000000e+09;2.224657409310166931e+10
2.837578117042338848e+09;2.837578117042338848e+09;2.488871174621707916e+10;2.451864942000000000e+09;2.455753699000000000e+09;2.182848032721589279e+10
2.816665102816325188e+09;2.816665102816325188e+09;2.484532660521912766e+10;2.286092904000000000e+09;2.288817241000000000e+09;2.149223767714530182e+10
2.861734961565975189e+09;2.861734961565975189e+09;2.507202649376653290e+10;2.197183352000000000e+09;2.194827820000000000e+09;1.977921580307185745e+10
2.987994469912716866e+09;2.987994469912716866e+09;2.555554799178561401e+10;2.374064567000000000e+09;2.360446923000000000e+09;1.891993094158807373e+10
2.885835363229684830e+09;2.885835363229684830e+09;2.514704330523394012e+10;2.272809380000000000e+09;2.272826595000000000e+09;2.054521694913735580e+10
2.718880959197183132e+09;2.718880959197183132e+09;2.446008505165335846e+10;2.331857859000000000e+09;2.324789600000000000e+09;1.975648910673135376e+10
3.078859240705224991e+09;3.078859240705224991e+09;2.595705855038888550e+10;2.265832030000000000e+09;2.269744930000000000e+09;2.093112278973328781e+10
2.721605743492733955e+09;2.721605743492733955e+09;2.448337023520782089e+10;2.242153866000000000e+09;2.233748410000000000e+09;1.875687162632900238e+10
3.120487166727252007e+09;3.120487166727252007e+09;2.615984591270563126e+10;2.218658294000000000e+09;2.215691509000000000e+09;1.962578619804956818e+10
3.150358633221920490e+09;3.150358633221920490e+09;2.626935747973535538e+10;2.302982160000000000e+09;2.292661352000000000e+09;1.929776356077102661e+10
3.067436572731449127e+09;3.067436572731449127e+09;2.587707230897832489e+10;2.433221075000000000e+09;2.420906062000000000e+09;1.887973702333641815e+10
2.758969100517560005e+09;2.758969100517560005e+09;2.456608879971134949e+10;2.490815983000000000e+09;2.492084218000000000e+09;2.181121618809196091e+10
2.859125725676183701e+09;2.859125725676183701e+09;2.499408644609804535e+10;2.349195518000000000e+09;2.356580116000000000e+09;2.187783177761402893e+10
3.042314759398937225e+09;3.042314759398937225e+09;2.578246149819713974e+10;2.396997607000000000e+09;2.390251612000000000e+09;1.966237690842867279e+10
2.769522531679611683e+09;2.769522531679611683e+09;2.467321507016071701e+10;2.285773535000000000e+09;2.270465100000000000e+09;1.902213331196922684e+10
2.978051718182585716e+09;2.978051718182585716e+09;2.549437736803948212e+10;2.421997199000000000e+09;2.420366230000000000e+09;1.860486420719997787e+10
2.678199697684539795e+09;2.678199697684539795e+09;2.431166763111227417e+10;2.197575464000000000e+09;2.201819426000000000e+09;1.834914443802993011e+10
2.619770215513270855e+09;2.619770215513270855e+09;2.407009410008000946e+10;2.302871457000000000e+09;2.287696350000000000e+09;1.913459124936377335e+10
2.743751299851529121e+09;2.743751299851529121e+09;2.455395364208348083e+10;2.092213651000000000e+09;2.100662445999999762e+09;1.673471613887870026e+10
3.002448485918356419e+09;3.002448485918356419e+09;2.561069457727247620e+10;2.371741327000000000e+09;2.367039500000000000e+09;1.862758045463277054e+10
3.146202312130578518e+09;3.146202312130578518e+09;2.624623972489183807e+10;2.324669912000000000e+09;2.316915772000000000e+09;1.946297207877482224e+10
2.848217612542608738e+09;2.848217612542608738e+09;2.494641956879234314e+10;2.259286273000000000e+09;2.276933892000000000e+09;2.230359540054354095e+10
2.784202618855203152e+09;2.784202618855203152e+09;2.473974662950450897e+10;2.254817955000000000e+09;2.252132431000000000e+09;1.987749285439018631e+10
3.066781509361536503e+09;3.066781509361536503e+09;2.582227395880205154e+10;2.398499836000000000e+09;2.417852260000000000e+09;2.237459040823089981e+10
3.187114022228643894e+09;3.187114022228643894e+09;2.636941414084141541e+10;2.207862977000000000e+09;2.227135000000000000e+09;2.243118785342087936e+10
3.130549082184386253e+09;3.130549082184386253e+09;2.620990404742119598e+10;2.206221094000000000e+09;2.194697516000000000e+09;1.910561185678189468e+10
2.619029502269821167e+09;2.619029502269821167e+09;2.401214431342577744e+10;2.384005771000000000e+09;2.405748387000000000e+09;1.777075536315669250e+10
3.127625905473645210e+09;3.127625905473645210e+09;2.614358669738000488e+10;2.409898792000000000e+09;2.406185781000000000e+09;1.979655434429294968e+10
2.768576285595156670e+09;2.768576285595156670e+09;2.463434221227558136e+10;2.374390459000000000e+09;2.381562299000000000e+09;2.136079896947652054e+10
2.753733329636276722e+09;2.753733329636276722e+09;2.462544732099044037e+10;2.221868522000000000e+09;2.216517232000000000e+09;1.967929446262154770e+10
3.127313067125536919e+09;3.127313067125536919e+09;2.615895611989549255e+10;2.347142959000000000e+09;2.340953340000000000e+09;1.958772503415600204e+10
2.816570005646826744e+09;2.816570005646826744e+09;2.484861677257335281e+10;2.367948344000000000e+09;2.351437050000000000e+09;1.925957361656250381e+10
3.039791874455021858e+09;3.039791874455021858e+09;2.575161979373057938e+10;2.204688266000000000e+09;2.223701684000000000e+09;2.224771161721625519e+10
3.068797542126832962e+09;3.068797542126832962e+09;2.594098874110435867e+10;2.195032739000000000e+09;2.185808171000000000e+09;1.852626173569353104e+10
2.842546228882434845e+09;2.842546228882434845e+09;2.499105584778189468e+10;2.206890287000000000e+09;2.195940390000000000e+09;1.929680318970582199e+10
3.122491797994050980e+09;3.122491797994050980e+09;2.618133366188244247e+10;2.138354862000000000e+09;2.138053727000000000e+09;2.051575586250787735e+10
3.011103541753130436e+09;3.011103541753130436e+09;2.567721042148605347e+10;2.196069647000000000e+09;2.206823803000000000e+09;1.795158264001386261e+10
2.728189009479294300e+09;2.728189009479294300e+09;2.454437739167499542e+10;2.086674871000000238e+09;2.081163928000000238e+09;1.847365935008205795e+10
2.766912701856415749e+09;2.766912701856415749e+09;2.463242757793344498e+10;2.389395241000000000e+09;2.386329407000000000e+09;2.084161376945088577e+10
2.926896556570962906e+09;2.926896556570962906e+09;2.527628829240876770e+10;2.363546455000000000e+09;2.367434545000000000e+09;2.168348068672493744e+10
2.809349214582333088e+09;2.809349214582333088e+09;2.478720777946702194e+10;2.468559166000000000e+09;2.465679859000000000e+09;2.092750697580254745e+10
2.981782341746951103e+09;2.981782341746951103e+09;2.551685131404145813e+10;2.390161078000000000e+09;2.392006685000000000e+09;2.099716347192786407e+10
2.537195446996948719e+09;2.537195446996948719e+09;2.373385701866315842e+10;2.250844080000000000e+09;2.255239534000000000e+09;2.185670711373295593e+10
2.794437268439960957e+09;2.794437268439960957e+09;2.474555529754409409e+10;2.394741517000000000e+09;2.398532348000000000e+09;2.049360947220478821e+10
2.892568518267358780e+09;2.892568518267358780e+09;2.513986042937601471e+10;2.386349569000000000e+09;2.393023182000000000e+09;1.838413777031753540e+10
2.908276001674780846e+09;2.908276001674780846e+09;2.525012652123753738e+10;2.246066346000000000e+09;2.248020239000000000e+09;2.012588714042954254e+10
2.686272516290776730e+09;2.686272516290776730e+09;2.431974282022824860e+10;2.351978733000000000e+09;2.355338249000000000e+09;2.065215045591846466e+10
2.798290884397344589e+09;2.798290884397344589e+09;2.476161976495837784e+10;2.367479555000000000e+09;2.371034426000000000e+09;2.116590750325626755e+10
2.887029205540117741e+09;2.887029205540117741e+09;2.518209531751919556e+10;2.167034134000000000e+09;2.155230702000000000e+09;1.870354975608856964e+10
3.138770140953493118e+09;3.138770140953493118e+09;2.616988082603860474e+10;2.457331542000000000e+09;2.455966960000000000e+09;1.854873868688624191e+10
3.016605948281109810e+09;3.016605948281109810e+09;2.567813882263217163e+10;2.329071164000000000e+09;2.329432202000000000e+09;2.083484198463758087e+10
3.081240873952232361e+09;3.081240873952232361e+09;2.578053967999465942e+10;2.494383702000000000e+09;2.489157449000000000e+09;2.358548656941697693e+10
2.815703422339793205e+09;2.815703422339793205e+09;2.483789913024805069e+10;2.267319400000000000e+09;2.272426178000000000e+09;2.171255330783781815e+10
2.886474951100124359e+09;2.886474951100124359e+09;2.513005056362099457e+10;2.389370382000000000e+09;2.382525056000000000e+09;1.974511805697658539e+10
3.014179701178172588e+09;3.014179701178172588e+09;2.568052739533844376e+10;2.295605574000000000e+09;2.295998781000000000e+09;2.048082610055295944e+10
2.690553633743105888e+09;2.690553633743105888e+09;2.436531753746979523e+10;2.243467488000000000e+09;2.236920944000000000e+09;1.968899961901792908e+10
2.662538188488257408e+09;2.662538188488257408e+09;2.427812897152513885e+10;2.141134572999999762e+09;2.125649850000000238e+09;1.906451435774407578e+10
2.786257760152260303e+09;2.786257760152260303e+09;2.470597396639362717e+10;2.311592220000000000e+09;2.332324051000000000e+09;1.795790430198498154e+10
2.783838170959784985e+09;2.783838170959784985e+09;2.470355200911524200e+10;2.382785643000000000e+09;2.376564252000000000e+09;1.880245754257649994e+10
2.873133961400289536e+09;2.873133961400289536e+09;2.508184227055126953e+10;2.352877740000000000e+09;2.349951100000000000e+09;1.993061082613414383e+10
2.926748420023585796e+09;2.926748420023585796e+09;2.530480966054009628e+10;2.298221295000000000e+09;2.301123863000000000e+09;1.836268444665646744e+10
2.882637348403544903e+09;2.882637348403544903e+09;2.517134865891505432e+10;2.148909003000000000e+09;2.137659145000000238e+09;1.917965078277628326e+10
3.094740704642108917e+09;3.094740704642108917e+09;2.597782830777580643e+10;2.373751935000000000e+09;2.397160583000000000e+09;1.778676837036241913e+10
2.725218234266541481e+09;2.725218234266541481e+09;2.446296368671610260e+10;2.400123945000000000e+09;2.392087443000000000e+09;1.891499078264928055e+10
2.912757552911290646e+09;2.912757552911290646e+09;2.520491755697475815e+10;2.513637967000000000e+09;2.515330081000000000e+09;2.073307967655393219e+10
2.821175446410752773e+09;2.821175446410752773e+09;2.481155386159145355e+10;2.439981539000000000e+09;2.450691424000000000e+09;2.212775439140702820e+10
3.006215366180501461e+09;3.006215366180501461e+09;2.559380814427641296e+10;2.434996545000000000e+09;2.451554796000000000e+09;1.811171856704627609e+10
2.776378514113530159e+09;2.776378514113530159e+09;2.471229363855958176e+10;2.230473445000000000e+09;2.218014065000000000e+09;1.885435472741115952e+10
3.072223493408604622e+09;3.072223493408604622e+09;2.594243168220198059e+10;2.193512018000000000e+09;2.200137847000000000e+09;1.803230270049627304e+10
3.064173083898996353e+09;3.064173083898996353e+09;2.588436219999443436e+10;2.333970049000000000e+09;2.333569965000000000e+09;2.050804257816366577e+10
2.863146773436927795e+09;2.863146773436927795e+09;2.507056224871393967e+10;2.164186728000000000e+09;2.170562564000000000e+09;2.107421849778399277e+10
2.973806120487516403e+09;2.973806120487516403e+09;2.549957607188597488e+10;2.359260841000000000e+09;2.358983091000000000e+09;2.005408306543277359e+10
2.657775591610598087e+09;2.657775591610598087e+09;2.417136582844725037e+10;2.428526683000000000e+09;2.431606629000000000e+09;2.189247775627017975e+10
2.832063483360641003e+09;2.832063483360641003e+09;2.493391118339084625e+10;2.261956751000000000e+09;2.256809173000000000e+09;1.969338548480663300e+10
2.948543419076282501e+09;2.948543419076282501e+09;2.541500465767243576e+10;2.249043134000000000e+09;2.241045951000000000e+09;1.861804344430767441e+10
2.674030295982419014e+09;2.674030295982419014e+09;2.425838856694309616e+10;2.251792010000000000e+09;2.263051388000000000e+09;2.206989220670964813e+10
2.848307372208150387e+09;2.848307372208150387e+09;2.505347969750900650e+10;2.022408636999999762e+09;2.012969298000000000e+09;1.849373244183613968e+10
3.025098833495566845e+09;3.025098833495566845e+09;2.573043753433436203e+10;2.298533371000000000e+09;2.298218193000000000e+09;1.994206375119984055e+10
2.785483601787262917e+09;2.785483601787262917e+09;2.474651688601081085e+10;2.224323419000000000e+09;2.226701530000000000e+09;2.046938526520719147e+10
3.024634748516570091e+09;3.024634748516570091e+09;2.572870694098457336e+10;2.187282699000000000e+09;2.206154802000000000e+09;1.769955677860223389e+10
2.781822514020135880e+09;2.781822514020135880e+09;2.469909502906695557e+10;2.335086832000000000e+09;2.335543117000000000e+09;1.855735269680645752e+10
2.993721924410717964e+09;2.993721924410717964e+09;2.562007622489941406e+10;2.183820316000000000e+09;2.178268943000000000e+09;1.843693354655962753e+10
2.907016651469559669e+09;2.907016651469559669e+09;2.519949686589764023e+10;2.425019135000000000e+09;2.423471541000000000e+09;2.089128897448864365e+10
2.965457359823248386e+09;2.965457359823248386e+09;2.550908138876689529e+10;2.145070519999999762e+09;2.144112003000000238e+09;2.056616554184713745e+10
2.936155199562279701e+09;2.936155199562279701e+09;2.534470183513220215e+10;2.333020063000000000e+09;2.323017532000000000e+09;1.877025183827056503e+10
2.963257301717914104e+09;2.963257301717914104e+09;2.551167189695423889e+10;2.137299617000000000e+09;2.121294102000000000e+09;1.885951490289467239e+10
2.920299816622725487e+09;2.920299816622725487e+09;2.527169436911819839e+10;2.387870497000000000e+09;2.378262708000000000e+09;1.957855758705585861e+10
2.794738568318818569e+09;2.794738568318818569e+09;2.478184789090929413e+10;2.245150750000000000e+09;2.246663431000000000e+09;2.015780048012958527e+10
2.816414598299606323e+09;2.816414598299606323e+09;2.489382555397710800e+10;2.125970202000000000e+09;2.123016092000000000e+09;1.840041683709955978e+10
2.894290675332132816e+09;2.894290675332132816e+09;2.521198041820446777e+10;2.173269334000000000e+09;2.165603559000000000e+09;1.940969385590130997e+10
2.857690286531294823e+09;2.857690286531294823e+09;2.500079201370777512e+10;2.436446474000000000e+09;2.432848949000000000e+09;1.999183186263262939e+10
2.994573170077632427e+09;2.994573170077632427e+09;2.557558898326103973e+10;2.414421001000000000e+09;2.412395235000000000e+09;1.998523934834986877e+10
3.117034837271759033e+09;3.117034837271759033e+09;2.609524713119398499e+10;2.370782947000000000e+09;2.375375069000000000e+09;2.103141930816582870e+10
2.797838986538553238e+09;2.797838986538553238e+09;2.477972997676111603e+10;2.288382831000000000e+09;2.288888011000000000e+09;2.091619571783616638e+10
2.895380734243599415e+09;2.895380734243599415e+09;2.522064400271739197e+10;2.161727142000000000e+09;2.156547125000000000e+09;1.953173360718309402e+10
2.844718819009481907e+09;2.844718819009481907e+09;2.499155697778354263e+10;2.189721662000000000e+09;2.194035958000000000e+09;2.098468766961625671e+10
2.767321769364045143e+09;2.767321769364045143e+09;2.467123661479969406e+10;2.259588493000000000e+09;2.242986285000000000e+09;1.905352993352181244e+10
2.839678855659729958e+09;2.839678855659729958e+09;2.493952221188596344e+10;2.357812376000000000e+09;2.346526437000000000e+09;1.890333038918610001e+10
2.868217880193358421e+09;2.868217880193358421e+09;2.502816720967785263e+10;2.392440483000000000e+09;2.394659889000000000e+09;2.167755608491727448e+10
2.812455306395272732e+09;2.812455306395272732e+09;2.487866754362840652e+10;2.131639665999999762e+09;2.132961824999999762e+09;2.037389032350157166e+10
3.038676419827318192e+09;3.038676419827318192e+09;2.576862543905025864e+10;2.319662118000000000e+09;2.327633515000000000e+09;2.119273254011027527e+10
2.948021715062940121e+09;2.948021715062940121e+09;2.540037403821341705e+10;2.329433672000000000e+09;2.320682218000000000e+09;1.953462560204592896e+10
2.816094451165297508e+09;2.816094451165297508e+09;2.491411614567591858e+10;2.068786930000000000e+09;2.066364447000000000e+09;1.964272865764963531e+10
2.734467942281381130e+09;2.734467942281381130e+09;2.447658048614580154e+10;2.549986970000000000e+09;2.541194709000000000e+09;1.993649108898202896e+10
2.786488915962049007e+09;2.786488915962049007e+09;2.472900877543563461e+10;2.287265707000000000e+09;2.292949387000000000e+09;2.120813121462064743e+10
3.080971739037276268e+09;3.080971739037276268e+09;2.599379196803963470e+10;2.209705529000000000e+09;2.203404513000000000e+09;1.944011840792829132e+10
3.018310174772253990e+09;3.018310174772253990e+09;2.566645477294620514e+10;2.408389096000000000e+09;2.410063450000000000e+09;2.098347469330086136e+10
3.110349372106694221e+09;3.110349372106694221e+09;2.613145342783028412e+10;2.165352803000000000e+09;2.161796074000000000e+09;1.951427235998229218e+10
2.810253206123396397e+09;2.810253206123396397e+09;2.484287587547701263e+10;2.273656472000000000e+09;2.259518027000000000e+09;1.924991169953582382e+10
2.953171877875741959e+09;2.953171877875741959e+09;2.541142731141796112e+10;2.379863904000000000e+09;2.371826485000000000e+09;1.962944176770238495e+10
2.693254104242735863e+09;2.693254104242735863e+09;2.437999778001540375e+10;2.206337428000000000e+09;2.209179767000000000e+09;2.029094783466483307e+10
3.064957180302054882e+09;3.064957180302054882e+09;2.590353703802261353e+10;2.241859448000000000e+09;2.242967389000000000e+09;1.827470508748516083e+10
3.061984018667380810e+09;3.061984018667380810e+09;2.586255951543662262e+10;2.252171515000000000e+09;2.274630150000000000e+09;1.751808827374935913e+10
2.900155147841634274e+09;2.900155147841634274e+09;2.519005281883927917e+10;2.310050809000000000e+09;2.315557484000000000e+09;1.831631548794245911e+10
3.060303343279870987e+09;3.060303343279870987e+09;2.587757576859173203e+10;2.282719776000000000e+09;2.282123115000000000e+09;2.069022368565996170e+10
2.765144654785569668e+09;2.765144654785569668e+09;2.467029793650282288e+10;2.184396481000000000e+09;2.181332145000000000e+09;1.849807829529027557e+10
2.934339916898228168e+09;2.934339916898228168e+09;2.535207269830408478e+10;2.222688725000000000e+09;2.227707057000000000e+09;1.820193582636664581e+10
2.874193898383080482e+09;2.874193898383080482e+09;2.509417256058255005e+10;2.220928994000000000e+09;2.223200640000000000e+09;2.149980391536531448e+10
2.838600680513507843e+09;2.838600680513507843e+09;2.490866048655815125e+10;2.422419782000000000e+09;2.430908753000000000e+09;2.143226427483567429e+10
2.871059890816941738e+09;2.871059890816941738e+09;2.510344359316061020e+10;2.233698724000000000e+09;2.217335772000000000e+09;1.904930636584063339e+10
2.888441171830332756e+09;2.888441171830332756e+09;2.517909501760056305e+10;2.218404468000000000e+09;2.208439984000000000e+09;1.933719672178913879e+10
2.827638593387544632e+09;2.827638593387544632e+09;2.487171634000967407e+10;2.351699386000000000e+09;2.366612113000000000e+09;1.815346121002947235e+10
3.183542381241395950e+09;3.183542381241395950e+09;2.638158860598083496e+10;2.305486633000000000e+09;2.309316403000000000e+09;2.149582141588801575e+10
2.933074787651377201e+09;2.933074787651377201e+09;2.534345880378921127e+10;2.213196267000000000e+09;2.214618797000000000e+09;2.138955416711415863e+10
2.874531086013566017e+09;2.874531086013566017e+09;2.510831442153464508e+10;2.275371474000000000e+09;2.258100711000000000e+09;1.904550923749687576e+10
2.966880310491394520e+09;2.966880310491394520e+09;2.545402293428977203e+10;2.371863777000000000e+09;2.375272920000000000e+09;1.840982603756819153e+10
2.975078352964795589e+09;2.975078352964795589e+09;2.550684229033732605e+10;2.283127513000000000e+09;2.291415334000000000e+09;1.815808293568292236e+10
3.100584157531236649e+09;3.100584157531236649e+09;2.607003525736905670e+10;2.191320360000000000e+09;2.191809604000000000e+09;1.821060295627895355e+10
2.798797672020532131e+09;2.798797672020532131e+09;2.474684668677447891e+10;2.397087143000000000e+09;2.410340456000000000e+09;1.828007391978202438e+10
2.792039571318196774e+09;2.792039571318196774e+09;2.476269913364000320e+10;2.301153796000000000e+09;2.284464284000000000e+09;1.907759272093465042e+10
2.853807751144717693e+09;2.853807751144717693e+09;2.502660729378390121e+10;2.222847337000000000e+09;2.223101058000000000e+09;2.049287030336549377e+10
2.953064231175159931e+09;2.953064231175159931e+09;2.542057977943145370e+10;2.341939216000000000e+09;2.326605126000000000e+09;1.921185142211038589e+10
2.841556739089964390e+09;2.841556739089964390e+09;2.493749557851013565e+10;2.401021032000000000e+09;2.404970694000000000e+09;2.047562992311544037e+10
3.013057757657277107e+09;3.013057757657277107e+09;2.568033041754191971e+10;2.225531465000000000e+09;2.232557004000000000e+09;1.809971755015182114e+10
3.128814166267712593e+09;3.128814166267712593e+09;2.613751271022647858e+10;2.411781963000000000e+09;2.412819805000000000e+09;2.088747507771166611e+10
3.225945705007722378e+09;3.225945705007722378e+09;2.661932720150571442e+10;2.222093207000000000e+09;2.219440274000000000e+09;1.959835228632580185e+10
2.920488712620932579e+09;2.920488712620932579e+09;2.530304081873015594e+10;2.256178784000000000e+09;2.241222625000000000e+09;1.911547166328660965e+10
2.880097617249498367e+09;2.880097617249498367e+09;2.505596161204527283e+10;2.434864854000000000e+09;2.445217463000000000e+09;2.206859546434099197e+10
3.032921484271258831e+09;3.032921484271258831e+09;2.580491104027799988e+10;2.106329782999999762e+09;2.104743049000000000e+09;2.045434396145222855e+10
2.787028687479627132e+09;2.787028687479627132e+09;2.478757330185622025e+10;2.105014463000000000e+09;2.089912603000000000e+09;1.895042062285463715e+10
2.942979724106379509e+09;2.942979724106379509e+09;2.537358282547360611e+10;2.305067533000000000e+09;2.307338038000000000e+09;2.094879484392565155e+10
2.746148777755641460e+09;2.746148777755641460e+09;2.453823164382520676e+10;2.452996109000000000e+09;2.456738593000000000e+09;2.058363785841669846e+10
2.817128305417479038e+09;2.817128305417479038e+09;2.486470205222432709e+10;2.303100702000000000e+09;2.300656023000000000e+09;1.993008341932314301e+10
3.057735915083642483e+09;3.057735915083642483e+09;2.583976154999085617e+10;2.414486877000000000e+09;2.415480393000000000e+09;2.013822484956184769e+10
2.796555938360789776e+09;2.796555938360789776e+09;2.478131863753253174e+10;2.140177119000000238e+09;2.148433407000000000e+09;2.175363433170862579e+10
3.023315962608903408e+09;3.023315962608903408e+09;2.573463407337311935e+10;2.255044585000000000e+09;2.238653733000000000e+09;1.898672627154071045e+10
2.721925439808904171e+09;2.721925439808904171e+09;2.446988112962201309e+10;2.246465077000000000e+09;2.258086749000000000e+09;1.817736141038045883e+10
2.916150368416964054e+09;2.916150368416964054e+09;2.528040581214769745e+10;2.230550767000000000e+09;2.230881603000000000e+09;2.077684001670603943e+10
2.901118599652850628e+09;2.901118599652850628e+09;2.520822322183784485e+10;2.226843913000000000e+09;2.230873440000000000e+09;2.133477839229004669e+10
2.908469004543294430e+09;2.908469004543294430e+09;2.523801081825352478e+10;2.280348956000000000e+09;2.278247421000000000e+09;1.849722328646017456e+10
2.930160303504209518e+09;2.930160303504209518e+09;2.534517232264404678e+10;2.219705638000000000e+09;2.223762527000000000e+09;2.025473949494602203e+10
3.062602936764535427e+09;3.062602936764535427e+09;2.588553216663418961e+10;2.329569934000000000e+09;2.319885189000000000e+09;1.940703111622798538e+10
2.910791472415427685e+09;2.910791472415427685e+09;2.531027754408044434e+10;2.007393524000000000e+09;2.013048398999999762e+09;2.083659901013982773e+10
2.834355526160879135e+09;2.834355526160879135e+09;2.496805255758969879e+10;2.129754187000000000e+09;2.134101911999999762e+09;2.023865650276975632e+10
2.961575348751900673e+09;2.961575348751900673e+09;2.543846154200565338e+10;2.371224095000000000e+09;2.368153267000000000e+09;2.071470904020066071e+10
2.894664879008299828e+09;2.894664879008299828e+09;2.514197737004821777e+10;2.450112217000000000e+09;2.443285469000000000e+09;1.881629088881978226e+10
3.039911460277886391e+09;3.039911460277886391e+09;2.581817263297748566e+10;2.204492111000000000e+09;2.203774342000000000e+09;1.981597768750061417e+10
2.959683442027235985e+09;2.959683442027235985e+09;2.545213317846913910e+10;2.297434782000000000e+09;2.301474811000000000e+09;2.030851204813246536e+10
2.712196261155997753e+09;2.712196261155997753e+09;2.440667100985837173e+10;2.278219073000000000e+09;2.299541392000000000e+09;1.762250549349840546e+10
3.189160163237120628e+09;3.189160163237120628e+09;2.644088715927803040e+10;2.202230180000000000e+09;2.212963052000000000e+09;1.787659466978742981e+10
2.755677086760847569e+09;2.755677086760847569e+09;2.464753933724845123e+10;2.100823665000000238e+09;2.105514045999999762e+09;2.098069637607285309e+10
2.726128071590717316e+09;2.726128071590717316e+09;2.444255520998478317e+10;2.272934954000000000e+09;2.292378314000000000e+09;2.249452381395339966e+10
2.886618373852271080e+09;2.886618373852271080e+09;2.514049512817975616e+10;2.275749767000000000e+09;2.282330375000000000e+09;2.117115193708082199e+10
2.904509736976379395e+09;2.904509736976379395e+09;2.519683021003131485e+10;2.388727590000000000e+09;2.380102705000000000e+09;1.880679257772026062e+10
2.927544133278577328e+09;2.927544133278577328e+09;2.532962519732336807e+10;2.198043453000000000e+09;2.204371369000000000e+09;2.105996066017196274e+10
3.013129275536334038e+09;3.013129275536334038e+09;2.567582601049225998e+10;2.317352206000000000e+09;2.316726263000000000e+09;1.996331746274991226e+10
2.947615245930029392e+09;2.947615245930029392e+09;2.544593763108591843e+10;2.126503610999999762e+09;2.115796816000000238e+09;1.913810102915498352e+10
2.510270816650908947e+09;2.510270816650908947e+09;2.362208374572561646e+10;2.419554518000000000e+09;2.406926395000000000e+09;1.974061987427382278e+10
2.693043642383574009e+09;2.693043642383574009e+09;2.442857916636418915e+10;2.002729071000000000e+09;2.002714463000000000e+09;1.982135690203123093e+10
2.816947156119126797e+09;2.816947156119126797e+09;2.484297127167591095e+10;2.393247009000000000e+09;2.377863910000000000e+09;1.910148712185472488e+10
2.885307214094151497e+09;2.885307214094151497e+09;2.518014077099648285e+10;2.139786083000000238e+09;2.141531116000000000e+09;2.000580188740121460e+10
2.918909061077355862e+09;2.918909061077355862e+09;2.530466283196097565e+10;2.219854714000000000e+09;2.205267034000000000e+09;1.908479186077153397e+10
2.684894406798602104e+09;2.684894406798602104e+09;2.429350514665819168e+10;2.320037001000000000e+09;2.344013283000000000e+09;1.791988564728385544e+10
2.652151079395333767e+09;2.652151079395333767e+09;2.418003894859713745e+10;2.398792115000000000e+09;2.394069262000000000e+09;2.000636909803126144e+10
2.869434411931272030e+09;2.869434411931272030e+09;2.502844841749322891e+10;2.363729084000000000e+09;2.386710833000000000e+09;1.772072776722248459e+10
2.788112577498361588e+09;2.788112577498361588e+09;2.470660548685205078e+10;2.447975350000000000e+09;2.453035231000000000e+09;2.063400940578054810e+10
2.639922510217179775e+09;2.639922510217179775e+09;2.418484138442624283e+10;2.124100413000000000e+09;2.114499058000000000e+09;1.871739826425041580e+10
2.937945434281866550e+09;2.937945434281866550e+09;2.537431709307426834e+10;2.256332825000000000e+09;2.241369999000000000e+09;1.888262653855227280e+10
2.857649246254116535e+09;2.857649246254116535e+09;2.503624954754194260e+10;2.222420694000000000e+09;2.225045876000000000e+09;1.831538252482678604e+10
2.876293252306290627e+09;2.876293252306290627e+09;2.508849879410186386e+10;2.369734019000000000e+09;2.371530116000000000e+09;2.028975796545979691e+10
2.937048463903656006e+09;2.937048463903656006e+09;2.539064957873358917e+10;2.135681578999999762e+09;2.134713965000000000e+09;1.828214453759170914e+10
2.864624280814239979e+09;2.864624280814239979e+09;2.511503662702728653e+10;2.072270316999999762e+09;2.067452618000000000e+09;1.944464368714065552e+10
2.769404946806886196e+09;2.769404946806886196e+09;2.465749023241080093e+10;2.255299866000000000e+09;2.257447620000000000e+09;2.159442311565018082e+10
3.001129901356311321e+09;3.001129901356311321e+09;2.560700967529380417e+10;2.376922289000000000e+09;2.379913690000000000e+09;2.029335416836011124e+10
2.933161891335432053e+09;2.933161891335432053e+09;2.535324957809392548e+10;2.236772713000000000e+09;2.236514214000000000e+09;2.047549842799676895e+10
3.110749773906801701e+09;3.110749773906801701e+09;2.602960708434252930e+10;2.452599645000000000e+09;2.473851178000000000e+09;1.795882490078193665e+10
2.788184956088694572e+09;2.788184956088694572e+09;2.476352902453921509e+10;2.230238413000000000e+09;2.216469472000000000e+09;1.922299558632109070e+10
2.777436395592352390e+09;2.777436395592352390e+09;2.467984316959980011e+10;2.306700399000000000e+09;2.319206997000000000e+09;1.819205554057169724e+10
2.971515244513598442e+09;2.971515244513598442e+09;2.548043508076982117e+10;2.379365234000000000e+09;2.380660017000000000e+09;2.057126365228309250e+10
2.945926057306274891e+09;2.945926057306274891e+09;2.539072144173317719e+10;2.253306123000000000e+09;2.258900188000000000e+09;2.127932482536854172e+10
2.982465142507379532e+09;2.982465142507379532e+09;2.557415262655015182e+10;2.214585375000000000e+09;2.198290793000000000e+09;1.895498310877072144e+10
2.704953536926430702e+09;2.704953536926430702e+09;2.432241121677042389e+10;2.435181881000000000e+09;2.455824360000000000e+09;2.268466776658428955e+10
2.671387116901497364e+09;2.671387116901497364e+09;2.426462435825353622e+10;2.328712323000000000e+09;2.319281813000000000e+09;1.890885984340361404e+10
2.825026970819317341e+09;2.825026970819317341e+09;2.486554666102543640e+10;2.331423625000000000e+09;2.334598591000000000e+09;2.168521613239207458e+10
3.243759572629923820e+09;3.243759572629923820e+09;2.667635266335381699e+10;2.309999356000000000e+09;2.298537163000000000e+09;1.919431763248472214e+10
2.870550766020992756e+09;2.870550766020992756e+09;2.504640066799066925e+10;2.453427933000000000e+09;2.440842399000000000e+09;1.902930457677510834e+10
2.767191122743640423e+09;2.767191122743640423e+09;2.468011530175814056e+10;2.154685096000000000e+09;2.160529877000000000e+09;2.109251027084371948e+10
2.905099135568162918e+09;2.905099135568162918e+09;2.522880795189903641e+10;2.268207020000000000e+09;2.270864422000000000e+09;2.043858041756401443e+10
2.896812320471286774e+09;2.896812320471286774e+09;2.516112307959551620e+10;2.426403745000000000e+09;2.414342395000000000e+09;1.896231996207056046e+10
2.797547274525294304e+09;2.797547274525294304e+09;2.473304463719081116e+10;2.443279071000000000e+09;2.447170856000000000e+09;2.164709410645156097e+10
2.937771313706804276e+09;2.937771313706804276e+09;2.537897669585128403e+10;2.228920408000000000e+09;2.217425419000000000e+09;1.872737993218372345e+10
2.736205512231643200e+09;2.736205512231643200e+09;2.450627046869379044e+10;2.446233315000000000e+09;2.429227198000000000e+09;1.940068485612334061e+10
3.094383685067341328e+09;3.094383685067341328e+09;2.596706808441940308e+10;2.548875521000000000e+09;2.543990766000000000e+09;1.990164535743090439e+10
3.116329431812411308e+09;3.116329431812411308e+09;2.610975362943010712e+10;2.312893450000000000e+09;2.310848244000000000e+09;2.062901222983956528e+10
2.858197848222456455e+09;2.858197848222456455e+09;2.504765573736387634e+10;2.233058230000000000e+09;2.232589818000000000e+09;1.996680897910377884e+10
2.768287925582221508e+09;2.768287925582221508e+09;2.465458597847222137e+10;2.351726561000000000e+09;2.346134143000000000e+09;1.983069837980823898e+10
2.920847660848814011e+09;2.920847660848814011e+09;2.524240016652648544e+10;2.374853942000000000e+09;2.382553983000000000e+09;2.187319196305615234e+10
2.950572463441198349e+09;2.950572463441198349e+09;2.542907083824287796e+10;2.244128181000000000e+09;2.229174079000000000e+09;1.886915692988937759e+10
2.872331198121070862e+09;2.872331198121070862e+09;2.508584929364912415e+10;2.196052424000000000e+09;2.200931891000000000e+09;2.159528004903525162e+10
2.868587856043670177e+09;2.868587856043670177e+09;2.506539958428718948e+10;2.352008516000000000e+09;2.337461681000000000e+09;1.930238657278012466e+10
2.961403686289990425e+09;2.961403686289990425e+09;2.545454105398596954e+10;2.314580446000000000e+09;2.318103626000000000e+09;2.029011645548016739e+10
2.950606089367249966e+09;2.950606089367249966e+09;2.536679842752042389e+10;2.493506471000000000e+09;2.493522535000000000e+09;2.074256655994445038e+10
2.851031122286921024e+09;2.851031122286921024e+09;2.504556232482640457e+10;2.129367968000000238e+09;2.121218461000000000e+09;1.934885751214535904e+10
2.960696794215231895e+09;2.960696794215231895e+09;2.545378122405750275e+10;2.294935718000000000e+09;2.293161981000000000e+09;2.069924267994473648e+10
2.867756784425700188e+09;2.867756784425700188e+09;2.505945063548800278e+10;2.306675586000000000e+09;2.310135187000000000e+09;2.107298848047834015e+10
2.895574622040581703e+09;2.895574622040581703e+09;2.521935757675756836e+10;2.142491733000000238e+09;2.146607978000000000e+09;2.019407424280164337e+10
3.166972505603485107e+09;3.166972505603485107e+09;2.637238359119804001e+10;2.162938914000000000e+09;2.167097820000000000e+09;2.007198339327135468e+10
3.101805512454479218e+09;3.101805512454479218e+09;2.604348593621515274e+10;2.345964868000000000e+09;2.335172078000000000e+09;1.872226140237300873e+10
2.958043507064394474e+09;2.958043507064394474e+09;2.545689612517663574e+10;2.238162886000000000e+09;2.230998588000000000e+09;1.857315889745038605e+10
2.954084511290450096e+09;2.954084511290450096e+09;2.539862945691535950e+10;2.341839573000000000e+09;2.343788214000000000e+09;2.156528967098351669e+10
2.733562568985341549e+09;2.733562568985341549e+09;2.452794232742304611e+10;2.258618395000000000e+09;2.263186740000000000e+09;2.045549597755381393e+10
2.830571668337887764e+09;2.830571668337887764e+09;2.494335094096043777e+10;2.172865698000000000e+09;2.175157654000000000e+09;2.038346638622011185e+10
2.952147175296944618e+09;2.952147175296944618e+09;2.530648499704528427e+10;2.371332166000000000e+09;2.377009431000000000e+09;2.308476882264863205e+10
2.924967303264353752e+09;2.924967303264353752e+09;2.532392850918868637e+10;2.201540345000000000e+09;2.202246883000000000e+09;2.075951663172347260e+10
2.987699994674513817e+09;2.987699994674513817e+09;2.562020654641085815e+10;2.115238360000000000e+09;2.106282940000000000e+09;1.919246288671245956e+10
2.646116543725295067e+09;2.646116543725295067e+09;2.421384336478638840e+10;2.102461330000000000e+09;2.093906867000000238e+09;1.865145987841699600e+10
2.898278570629835606e+09;2.898278570629835606e+09;2.521646406251680756e+10;2.225583183000000000e+09;2.223785786000000000e+09;1.984060486221885300e+10
2.995693395036712170e+09;2.995693395036712170e+09;2.550018769763438416e+10;2.488708592000000000e+09;2.501507673000000000e+09;1.712102007663964844e+10
2.990153907412651062e+09;2.990153907412651062e+09;2.556709756202234268e+10;2.377155005000000000e+09;2.366609672000000000e+09;1.946292716454063034e+10
3.106869462452100754e+09;3.106869462452100754e+09;2.605097668183263016e+10;2.374506435000000000e+09;2.378388929000000000e+09;2.100636052314242554e+10
3.081080222235187531e+09;3.081080222235187531e+09;2.591550893104796982e+10;2.492444037000000000e+09;2.489487178000000000e+09;1.866152421203195953e+10
2.882253704099431515e+09;2.882253704099431515e+09;2.508421633754041290e+10;2.241627522000000000e+09;2.260893365000000000e+09;2.237206112826277161e+10
2.748506582742698669e+09;2.748506582742698669e+09;2.458062308577695847e+10;2.271801061000000000e+09;2.274514774000000000e+09;2.105592908053793716e+10
3.078160197563374519e+09;3.078160197563374519e+09;2.595518181821144867e+10;2.318228430000000000e+09;2.309411190000000000e+09;1.944114729238052368e+10
2.871755777060045242e+09;2.871755777060045242e+09;2.506258080367333603e+10;2.311684942000000000e+09;2.313808572000000000e+09;2.158815597140550232e+10
2.902840041327052116e+09;2.902840041327052116e+09;2.520842890133691788e+10;2.314068479000000000e+09;2.318277221000000000e+09;2.044534642652272034e+10
2.752439837791526794e+09;2.752439837791526794e+09;2.457815962922994232e+10;2.324195126000000000e+09;2.333542229000000000e+09;1.831409982688797760e+10
2.856109948107197762e+09;2.856109948107197762e+09;2.507464667764609528e+10;2.073084653999999762e+09;2.076322187000000000e+09;2.007486114836236954e+10
2.808703456634535313e+09;2.808703456634535313e+09;2.484433962057809448e+10;2.243042595000000000e+09;2.233824699000000000e+09;1.947542762377387619e+10
2.913157628891410351e+09;2.913157628891410351e+09;2.532564076315394592e+10;2.038920719000000000e+09;2.036312045000000000e+09;1.953856799423519135e+10
2.752653858852355957e+09;2.752653858852355957e+09;2.456136698049697495e+10;2.354237909000000000e+09;2.376522559000000000e+09;1.800287995021521759e+10
2.996343810307925701e+09;2.996343810307925701e+09;2.561527510477523041e+10;2.282448977000000000e+09;2.270131132000000000e+09;1.925521545759120178e+10
2.855131532209469795e+09;2.855131532209469795e+09;2.503939380521165466e+10;2.188714919000000000e+09;2.186287023000000000e+09;2.053899790663428879e+10
2.971187985506608486e+09;2.971187985506608486e+09;2.550872580720395660e+10;2.237624155000000000e+09;2.238850350000000000e+09;2.079852327300735474e+10
2.836835900826375961e+09;2.836835900826375961e+09;2.497209739247080612e+10;2.131186302000000000e+09;2.135195366999999762e+09;2.092525204914432907e+10
2.629794938809201241e+09;2.629794938809201241e+09;2.411395229276686478e+10;2.194877290000000000e+09;2.206387571000000000e+09;1.816861887812051773e+10
3.058777655267460823e+09;3.058777655267460823e+09;2.583479457262370300e+10;2.455049490000000000e+09;2.441513306000000000e+09;1.895414509332963181e+10
2.883097265560267448e+09;2.883097265560267448e+09;2.510731209967451477e+10;2.424712745000000000e+09;2.409302720000000000e+09;1.908933701672072220e+10
2.857564333979489803e+09;2.857564333979489803e+09;2.502555835887045288e+10;2.140861880000000238e+09;2.153006709000000000e+09;2.190285515155631638e+10
2.973077930083349228e+09;2.973077930083349228e+09;2.552861400419380951e+10;2.237972063000000000e+09;2.224043189000000000e+09;1.911756058666164017e+10
3.054669942736238956e+09;3.054669942736238956e+09;2.581553881182625198e+10;2.411596536000000000e+09;2.418343901000000000e+09;2.121201860904850006e+10
2.873600031591331005e+09;2.873600031591331005e+09;2.508436550146625519e+10;2.339956533000000000e+09;2.344130035000000000e+09;2.041225144674417114e+10
2.951043094093651772e+09;2.951043094093651772e+09;2.540211197353300476e+10;2.381307280000000000e+09;2.372796830000000000e+09;1.960940589113048553e+10
2.720245871777198315e+09;2.720245871777198315e+09;2.448091383536177063e+10;2.255881784000000000e+09;2.239584428000000000e+09;1.916608932140322876e+10
2.771838260575296402e+09;2.771838260575296402e+09;2.468849679317584229e+10;2.090078055000000000e+09;2.109186517000000000e+09;1.727956689221693802e+10
3.058176736178263187e+09;3.058176736178263187e+09;2.584942712373361206e+10;2.400637294000000000e+09;2.391876306000000000e+09;1.955346532137424850e+10
3.002861983912211895e+09;3.002861983912211895e+09;2.570271239483830261e+10;2.043748854000000000e+09;2.038456696999999762e+09;1.930365169051894760e+10
2.959189750854827404e+09;2.959189750854827404e+09;2.540667919668909836e+10;2.447289942000000000e+09;2.452365522000000000e+09;2.121950240240176773e+10
2.852940756696837902e+09;2.852940756696837902e+09;2.499497211679510498e+10;2.329392826000000000e+09;2.327951509000000000e+09;1.856933492150049973e+10
2.854858137658827305e+09;2.854858137658827305e+09;2.497043785429102325e+10;2.509806765000000000e+09;2.495487205000000000e+09;1.915822101091494751e+10
2.854810649504104137e+09;2.854810649504104137e+09;2.493381466483384323e+10;2.293580007000000000e+09;2.305611362000000000e+09;2.291020401260660172e+10
2.672439005106028080e+09;2.672439005106028080e+09;2.422180143838111115e+10;2.318004288000000000e+09;2.330901613000000000e+09;1.712479094572022247e+10
2.705495825900593758e+09;2.705495825900593758e+09;2.440975108288547516e+10;2.276255500000000000e+09;2.273762080000000000e+09;2.078865714046351624e+10
2.942778226491178036e+09;2.942778226491178036e+09;2.541759701159609222e+10;2.155636181000000000e+09;2.156159104000000000e+09;1.989283379707468414e+10
3.039463171777090073e+09;3.039463171777090073e+09;2.580172191085919571e+10;2.177936247000000000e+09;2.189010497000000000e+09;1.790639126954835892e+10
2.999148170850897312e+09;2.999148170850897312e+09;2.560434605790080261e+10;2.336158357000000000e+09;2.332667402000000000e+09;1.855346103850075531e+10
3.010786633360371590e+09;3.010786633360371590e+09;2.564957000926609421e+10;2.366701443000000000e+09;2.358422969000000000e+09;1.870713773361310577e+10
2.946767132374713421e+09;2.946767132374713421e+09;2.535543771839662933e+10;2.322646194000000000e+09;2.344593880000000000e+09;1.754946804603069305e+10
3.024965711468443871e+09;3.024965711468443871e+09;2.570799057718674088e+10;2.410549429000000000e+09;2.398523344000000000e+09;1.941447154266180801e+10
2.854981155194553375e+09;2.854981155194553375e+09;2.503675066464624786e+10;2.221624482000000000e+09;2.208777885000000000e+09;1.882195316038357925e+10
2.880543753133483887e+09;2.880543753133483887e+09;2.514319542756089401e+10;2.206477193000000000e+09;2.210318644000000000e+09;2.024535602010660172e+10
2.776407173762739182e+09;2.776407173762739182e+09;2.470398971532723999e+10;2.282224388000000000e+09;2.279722229000000000e+09;1.992571419570298386e+10
2.820530927935404778e+09;2.820530927935404778e+09;2.490944681267924881e+10;2.166094169000000000e+09;2.158389388000000000e+09;1.944010736777868652e+10
2.693160178759638309e+09;2.693160178759638309e+09;2.437188463360924149e+10;2.252743819000000000e+09;2.251351256000000000e+09;2.002284275276069260e+10
3.012606734841785431e+09;3.012606734841785431e+09;2.565045497311887360e+10;2.208152772000000000e+09;2.222640385000000000e+09;2.200527334289485550e+10
3.002153014677571297e+09;3.002153014677571297e+09;2.558280465063937759e+10;2.181010578000000000e+09;2.199166388000000000e+09;2.252749711071491623e+10
2.940873573795651913e+09;2.940873573795651913e+09;2.535046946566353226e+10;2.414474884000000000e+09;2.399920936000000000e+09;1.935162903914139557e+10
2.703467193015673161e+09;2.703467193015673161e+09;2.435997714237057877e+10;2.265201689000000000e+09;2.282784582000000000e+09;2.238941418033514404e+10
2.944730978468413830e+09;2.944730978468413830e+09;2.539412421273860931e+10;2.303402027000000000e+09;2.292801262000000000e+09;1.939237422638887787e+10
3.130058344157401562e+09;3.130058344157401562e+09;2.616960070244995880e+10;2.357360934000000000e+09;2.347607967000000000e+09;1.940032456561325073e+10
2.841562445073203564e+09;2.841562445073203564e+09;2.501726865530493927e+10;2.032075479000000238e+09;2.032347924000000000e+09;1.816214745489830017e+10
2.867698628261159897e+09;2.867698628261159897e+09;2.507351762209914398e+10;2.305561917000000000e+09;2.289859554000000000e+09;1.918135693709476089e+10
2.997810386930625916e+09;2.997810386930625916e+09;2.562846498880423355e+10;2.195852741000000000e+09;2.200299973000000000e+09;2.092710795381282043e+10
2.763839123447681904e+09;2.763839123447681904e+09;2.463125784698803711e+10;2.151446163000000000e+09;2.166728372000000000e+09;2.215255820177481461e+10
2.816977997462416172e+09;2.816977997462416172e+09;2.482702454057214355e+10;2.431802524000000000e+09;2.427707055000000000e+09;1.877983479296388626e+10
2.889406747153280258e+09;2.889406747153280258e+09;2.515304572483105850e+10;2.299227789000000000e+09;2.300479099000000000e+09;2.092279750621273041e+10
2.923335040019738674e+09;2.923335040019738674e+09;2.530116625627672958e+10;2.300064256000000000e+09;2.300777915000000000e+09;2.008268062896904373e+10
2.827239526128902435e+09;2.827239526128902435e+09;2.490283840891734695e+10;2.306548058000000000e+09;2.303462033000000000e+09;1.988781939375771332e+10
2.835472055056281090e+09;2.835472055056281090e+09;2.491617092171755981e+10;2.369730135000000000e+09;2.366932433000000000e+09;2.075412323735995865e+10
2.980732377192292690e+09;2.980732377192292690e+09;2.558552483907178497e+10;2.047446442000000000e+09;2.057361794999999762e+09;1.780480527462047195e+10
2.767693604672689438e+09;2.767693604672689438e+09;2.465574187656086731e+10;2.335257882000000000e+09;2.332698378000000000e+09;1.999784934646732712e+10
2.787335811080122948e+09;2.787335811080122948e+09;2.474008458362133026e+10;2.230283289000000000e+09;2.240850296000000000e+09;1.814212836811159134e+10
3.036441062913458347e+09;3.036441062913458347e+09;2.578351825731469727e+10;2.290844301000000000e+09;2.274699591000000000e+09;1.904104445276704788e+10
2.725574780505631447e+09;2.725574780505631447e+09;2.450757877805154419e+10;2.214416545000000000e+09;2.205363882000000000e+09;1.874303624894722366e+10
2.696528811135481358e+09;2.696528811135481358e+09;2.440868485749202728e+10;2.161924519000000000e+09;2.153078365000000000e+09;1.944286430684762955e+10
2.948616190556886673e+09;2.948616190556886673e+09;2.542553549715639496e+10;2.190742490000000000e+09;2.191056712000000000e+09;2.071130649626566696e+10
2.978827299956213474e+09;2.978827299956213474e+09;2.554903523166944885e+10;2.212462910000000000e+09;2.210180748000000000e+09;1.838215098214738083e+10
3.110976310312909126e+09;3.110976310312909126e+09;2.611930671289844513e+10;2.176048648000000000e+09;2.178691789000000000e+09;2.074223446246878433e+10
3.048378427019087791e+09;3.048378427019087791e+09;2.578290018830136871e+10;2.395469183000000000e+09;2.410810315000000000e+09;1.807492587632641220e+10
2.852795185200591087e+09;2.852795185200591087e+09;2.496675642020586777e+10;2.326426202000000000e+09;2.337256215000000000e+09;2.200235349749369049e+10
2.906953938904740334e+09;2.906953938904740334e+09;2.520522572472596359e+10;2.399388244000000000e+09;2.400259707000000000e+09;2.064167722666507339e+10
2.998700824295616627e+09;2.998700824295616627e+09;2.566447283658660889e+10;2.119335100999999762e+09;2.103517292999999762e+09;1.882124112665787506e+10
2.979570259537199974e+09;2.979570259537199974e+09;2.552988205973650360e+10;2.291149134000000000e+09;2.295464645000000000e+09;2.101185907184075546e+10
2.903725204986265659e+09;2.903725204986265659e+09;2.521623863966241455e+10;2.303093466000000000e+09;2.293554506000000000e+09;1.874521542509929276e+10
3.111181233542313099e+09;3.111181233542313099e+09;2.606688885486507416e+10;2.258992517000000000e+09;2.269991967000000000e+09;2.180985748960670853e+10
3.077143702658460140e+09;3.077143702658460140e+09;2.595177865944939423e+10;2.318660025000000000e+09;2.301130209000000000e+09;1.898603943097245789e+10
2.760623827313594341e+09;2.760623827313594341e+09;2.460301935421463013e+10;2.385359640000000000e+09;2.388913485000000000e+09;1.855311603239728928e+10
2.979571666038312912e+09;2.979571666038312912e+09;2.549074804185390854e+10;2.421631637000000000e+09;2.431577930000000000e+09;1.830382996132855225e+10
3.130935154907569408e+09;3.130935154907569408e+09;2.615828303333932114e+10;2.322122132000000000e+09;2.333812991000000000e+09;1.803255405308577728e+10
3.075494393836767197e+09;3.075494393836767197e+09;2.592123535799709320e+10;2.389687045000000000e+09;2.378319440000000000e+09;1.880043412587630463e+10
2.735678679699129105e+09;2.735678679699129105e+09;2.453281647113611603e+10;2.285634516000000000e+09;2.289014824000000000e+09;2.038850961033542633e+10
2.932681287191901207e+09;2.932681287191901207e+09;2.531993881390935135e+10;2.360433199000000000e+09;2.359567929000000000e+09;2.062711666322577286e+10
2.802006585745884895e+09;2.802006585745884895e+09;2.481550722682226944e+10;2.251656342000000000e+09;2.242327769000000000e+09;1.947729151447083282e+10
2.946744859156424522e+09;2.946744859156424522e+09;2.542824452970905685e+10;2.151893092000000000e+09;2.149568148000000000e+09;2.052097255906205750e+10
2.993444539185877800e+09;2.993444539185877800e+09;2.559566761840901947e+10;2.284806970000000000e+09;2.285668630000000000e+09;2.046014294937424088e+10
2.939086626405186653e+09;2.939086626405186653e+09;2.538065564336590195e+10;2.230322951000000000e+09;2.230971094000000000e+09;2.043508280227839661e+10
2.870281933729871273e+09;2.870281933729871273e+09;2.512818414269056320e+10;2.097995656000000000e+09;2.087005370000000238e+09;1.861227399974874878e+10
2.868740177619861603e+09;2.868740177619861603e+09;2.510382751257992554e+10;2.193125504000000000e+09;2.184334834000000000e+09;1.939321295690937805e+10
3.050456137597776413e+09;3.050456137597776413e+09;2.582892800620067596e+10;2.331538305000000000e+09;2.319131825000000000e+09;1.883028687772914886e+10
2.895902737126740932e+09;2.895902737126740932e+09;2.520147216531962585e+10;2.249885200000000000e+09;2.243273977000000000e+09;1.956383660823192215e+10
2.986600326265852451e+09;2.986600326265852451e+09;2.554783379399621201e+10;2.289526369000000000e+09;2.303128944000000000e+09;1.801312206417413330e+10
3.070215986155811310e+09;3.070215986155811310e+09;2.592862228922847748e+10;2.284106268000000000e+09;2.277604217000000000e+09;1.952977739629751587e+10
2.798240086464231491e+09;2.798240086464231491e+09;2.480690006778752899e+10;2.180247326000000000e+09;2.178130132000000000e+09;2.064500123793179703e+10
3.074432358709085464e+09;3.074432358709085464e+09;2.595845044501110840e+10;2.240979611000000000e+09;2.231530695000000000e+09;1.929256536055617142e+10
2.840769018823267460e+09;2.840769018823267460e+09;2.496520399782664108e+10;2.225986598000000000e+09;2.230264643000000000e+09;1.828243583324188995e+10
2.973104438977588654e+09;2.973104438977588654e+09;2.554779183477386856e+10;2.150273865000000000e+09;2.148017856000000000e+09;1.966708589304285049e+10
2.834778970516989231e+09;2.834778970516989231e+09;2.489168651460979462e+10;2.296856664000000000e+09;2.311021932000000000e+09;2.214090249530596542e+10
2.853600249212926388e+09;2.853600249212926388e+09;2.498175428444853592e+10;2.369009895000000000e+09;2.376513446000000000e+09;2.140174009665853500e+10
2.991148194320616722e+09;2.991148194320616722e+09;2.561898502070533371e+10;2.180866536000000000e+09;2.164475049000000000e+09;1.888876461679074478e+10
2.921577360803983212e+09;2.921577360803983212e+09;2.534809590763093567e+10;2.079097493000000000e+09;2.078794967000000000e+09;1.976508433155449295e+10
2.946480565858682156e+09;2.946480565858682156e+09;2.540694780120688248e+10;2.237740127000000000e+09;2.235936811000000000e+09;2.064050396195994949e+10
2.920556576932682514e+09;2.920556576932682514e+09;2.525984688645930481e+10;2.314168613000000000e+09;2.334447471000000000e+09;1.788785563522322083e+10
2.933872317018238544e+09;2.933872317018238544e+09;2.529773283731667709e+10;2.339705296000000000e+09;2.361948270000000000e+09;1.760612575095447540e+10
2.964158014802150726e+09;2.964158014802150726e+09;2.547085280995214462e+10;2.311487763000000000e+09;2.310890689000000000e+09;1.998317593893004227e+10
2.747232990773311138e+09;2.747232990773311138e+09;2.457488045669287109e+10;2.197458006000000000e+09;2.202478286000000000e+09;2.168619856046299362e+10
2.769622367508327484e+09;2.769622367508327484e+09;2.466678349679766083e+10;2.325671249000000000e+09;2.308794850000000000e+09;1.921852355687096024e+10
2.951160218100201130e+09;2.951160218100201130e+09;2.540179346761392593e+10;2.374942469000000000e+09;2.359970469000000000e+09;1.898556963977378464e+10
2.943560324898602486e+09;2.943560324898602486e+09;2.535416605550545883e+10;2.308490968000000000e+09;2.331332361000000000e+09;1.780864232400999451e+10
3.018736730325128078e+09;3.018736730325128078e+09;2.569146919381671143e+10;2.313299782000000000e+09;2.313727276000000000e+09;2.081624357425436020e+10
2.890522691193751812e+09;2.890522691193751812e+09;2.516618681548483276e+10;2.251823356000000000e+09;2.255386948000000000e+09;2.100312506975071335e+10
2.857516406087924004e+09;2.857516406087924004e+09;2.506699585787781906e+10;2.149991968000000000e+09;2.144472433999999762e+09;1.951536244050703049e+10
2.989450171108999729e+09;2.989450171108999729e+09;2.560544106234072876e+10;2.200322805000000000e+09;2.197046705000000000e+09;1.964627409664899445e+10
3.004598739715888500e+09;3.004598739715888500e+09;2.562038571445484161e+10;2.308977711000000000e+09;2.321412378000000000e+09;1.806230609143966293e+10
3.187724842736948967e+09;3.187724842736948967e+09;2.641155525085824203e+10;2.223597740000000000e+09;2.245715483000000000e+09;1.740666793468827438e+10
2.557231785586841106e+09;2.557231785586841106e+09;2.386595590456155396e+10;2.118203108999999762e+09;2.102964626000000000e+09;1.911378209937348175e+10
2.612516939953649044e+09;2.612516939953649044e+09;2.406036800239506531e+10;2.228466253000000000e+09;2.211356861000000000e+09;1.915307328536610031e+10
2.810880608060070515e+09;2.810880608060070515e+09;2.484995567747150040e+10;2.243895508000000000e+09;2.230911591000000000e+09;1.886543431373974228e+10
2.716708627159361362e+09;2.716708627159361362e+09;2.442085387428347397e+10;2.479061482000000000e+09;2.463015914000000000e+09;1.951996118758406067e+10
2.735193700213734150e+09;2.735193700213734150e+09;2.451768148851442719e+10;2.210341834000000000e+09;2.218986711000000000e+09;2.187845071781550980e+10
2.777898957220120907e+09;2.777898957220120907e+09;2.472839795868277359e+10;2.153148292000000000e+09;2.155626999000000000e+09;2.090519350998280334e+10
2.893523488470831394e+09;2.893523488470831394e+09;2.520052805121763992e+10;2.198587300000000000e+09;2.185275149000000000e+09;1.878996004900885010e+10
2.856819073320628166e+09;2.856819073320628166e+09;2.508190698893735504e+10;2.075478685999999762e+09;2.059954478000000238e+09;1.884387250557158279e+10
3.154579941725101948e+09;3.154579941725101948e+09;2.628241624284305191e+10;2.320288104000000000e+09;2.305314399000000000e+09;1.883075571543006897e+10
2.685025888483720779e+09;2.685025888483720779e+09;2.433718315562158203e+10;2.219770858000000000e+09;2.223885016000000000e+09;2.110370933297071457e+10
2.879138502766828537e+09;2.879138502766828537e+09;2.509269366640608215e+10;2.276137595000000000e+09;2.283629310000000000e+09;2.179538096260307312e+10
2.958255275918892384e+09;2.958255275918892384e+09;2.544844635943010712e+10;2.297666684000000000e+09;2.284099051000000000e+09;1.885810115401832581e+10
2.879714004226868629e+09;2.879714004226868629e+09;2.517458479204596329e+10;2.080402231000000238e+09;2.078549159000000000e+09;1.966191432625876617e+10
2.717124361635388374e+09;2.717124361635388374e+09;2.445778924932234192e+10;2.169397469000000000e+09;2.176265638000000000e+09;2.176675141749238586e+10
2.914360903794157028e+09;2.914360903794157028e+09;2.528088469439328766e+10;2.203359802000000000e+09;2.200365237000000000e+09;2.054680091743101883e+10
2.754624735387757778e+09;2.754624735387757778e+09;2.460032351635150146e+10;2.254352667000000000e+09;2.265407770000000000e+09;1.817274633506122589e+10
2.828436429212809086e+09;2.828436429212809086e+09;2.493161030730438232e+10;2.167386231000000000e+09;2.169059227000000000e+09;2.083739832865614700e+10
2.913795671540858269e+09;2.913795671540858269e+09;2.527317321471237564e+10;2.255328358000000000e+09;2.241915250000000000e+09;1.882972987875431442e+10
2.701869797541903973e+09;2.701869797541903973e+09;2.443603775066161346e+10;2.127746760000000000e+09;2.124111172000000000e+09;1.969352513806919479e+10
2.823848964648157597e+09;2.823848964648157597e+09;2.486534930456650162e+10;2.382048449000000000e+09;2.379006695000000000e+09;1.871103893738367081e+10
2.947364699028174877e+09;2.947364699028174877e+09;2.540792524036267471e+10;2.194467832000000000e+09;2.206584425000000000e+09;1.794793273132249451e+10
2.932250661003757954e+09;2.932250661003757954e+09;2.533551122361919785e+10;2.329392159000000000e+09;2.318083144000000000e+09;1.939472044140898132e+10
3.064556065945264816e+09;3.064556065945264816e+09;2.589512482497900009e+10;2.289365385000000000e+09;2.289257488000000000e+09;2.046591596160699844e+10
3.016713502942669868e+09;3.016713502942669868e+09;2.561250989944003677e+10;2.258047317000000000e+09;2.268751294000000000e+09;2.281524260353276443e+10
2.698031150761732101e+09;2.698031150761732101e+09;2.436104112923399353e+10;2.305490863000000000e+09;2.318232632000000000e+09;1.823221893760643387e+10
2.775467206664897442e+09;2.775467206664897442e+09;2.465815371853443527e+10;2.414366631000000000e+09;2.415945783000000000e+09;1.863273307062150574e+10
